Username,Date,Rating,Review,Wajib Pajak
Adinda Aenun ,30/05/2025,4,"Pelayanan di KPP Pratama Surabaya Gubeng sangat memuaskan. Petugasnya ramah, cepat tanggap, dan selalu siap membantu. Setiap kali saya datang untuk mengurus kewajiban perpajakan, prosesnya selalu berjalan lancar dan tidak memakan waktu lama. Ruang layanan juga tertata rapi dan nyaman, sehingga membuat pengalaman saya sebagai wajib pajak menjadi menyenangkan.",Ya
cia aulia,30/05/2025,5,Pelayanan di KPP Pratama Surabaya Gubeng sangat ramah dan informatif. Petugasnya cepat tanggap dan membantu menjelaskan proses pelaporan pajak dengan jelas.,Ya
Riska Saputri ,30/05/2025,5,"Saya sangat mengapresiasi pelayanan yang diberikan oleh KPP Pratama Surabaya Gubeng. Petugasnya profesional dan sabar dalam menjelaskan hal-hal yang belum saya pahami terkait kewajiban pajak. Selain itu, sistem antrean yang teratur dan suasana kantor yang kondusif membuat saya merasa nyaman dan dihargai sebagai wajib pajak. Semoga kualitas pelayanan seperti ini terus dipertahankan.",Ya
grace mega,30/05/2025,5,Saya merasa puas dengan pelayanan di KPP Pratama Surabaya Gubeng. Antrian teratur dan prosesnya tidak memakan waktu lama.,Ya
ramadhan saputra,30/05/2025,4,Stafnya profesional dan sabar dalam menjawab pertanyaan saya. Lokasinya juga nyaman dan mudah dijangkau.,Ya
Ananda Kurniawan ,30/05/2025,5,"Sebagai wajib pajak yang terdaftar di KPP Pratama Surabaya Gubeng, saya merasa terbantu dengan layanan yang diberikan. Informasi yang saya butuhkan mudah diakses, baik melalui petugas langsung maupun kanal digital yang disediakan. Saya juga melihat adanya perbaikan dari waktu ke waktu, yang menunjukkan bahwa KPP Gubeng berkomitmen untuk memberikan pelayanan yang terbaik bagi masyarakat.",Ya
gugun gunawan,30/05/2025,5,"Awalnya saya bingung soal e-filing, tapi petugas di KPP Pratama Gubeng menjelaskan dengan sabar. Pelayanan yang sangat membantu masyarakat.",Ya
Very Firmansyah ,30/05/2025,5,"Proses administrasi yang biasanya rumit menjadi lebih mudah karena adanya panduan yang jelas dan bantuan dari petugas. Saya pernah mengalami kendala dalam pelaporan pajak, namun segera dibantu dengan cepat dan profesional. Saya merasa sangat dihargai dan didukung sebagai warga negara yang patuh pajak.",Ya
arie ilham,30/05/2025,3,"Cukup memuaskan, hanya saja waktu tunggunya kadang agak lama di jam-jam sibuk. Tapi secara keseluruhan pelayanannya baik.",Ya
neng sari,30/05/2025,4,Saya mengurus NPWP baru dan semua prosesnya berjalan lancar. Petugasnya responsif dan ramah.,Ya
Fazril Ardiansyah ,30/05/2025,4,"Pelayanan yang cepat, ramah, dan efisien membuat saya tidak ragu untuk datang langsung jika membutuhkan bantuan. Petugas tidak hanya melayani dengan sopan, tetapi juga memberikan edukasi yang bermanfaat tentang kewajiban perpajakan. Ini sangat membantu terutama bagi wajib pajak pribadi seperti saya.",Ya
sarah azizah,30/05/2025,5,KPP Pratama Surabaya Gubeng memberikan pelayanan publik yang efisien. Sangat membantu wajib pajak yang baru pertama kali mengurus administrasi.,Ya
Ahmad Ridho ,30/05/2025,4,"Saya sangat puas dengan pelayanan yang diberikan oleh KPP Pratama Surabaya Gubeng. Setiap kali saya mengurus keperluan pajak, saya selalu mendapat sambutan yang ramah dan bantuan yang jelas dari petugas. Hal ini membuat proses yang awalnya terasa rumit menjadi lebih mudah dipahami dan dijalani. Menurut saya, pelayanan seperti ini mencerminkan kualitas dan komitmen yang tinggi terhadap publik.",Ya
Dena Anggela,30/05/2025,4,"Pelayanan di KPP Pratama Surabaya Gubeng sangat membantu dan memuaskan. Petugasnya responsif dan tidak segan memberikan penjelasan secara detail. Saya juga menyukai sistem digital yang semakin berkembang, seperti e-registration dan pelaporan online, yang semakin memudahkan wajib pajak. Terima kasih kepada seluruh staf KPP Gubeng atas dedikasi dan pelayanannya yang luar biasa.",Ya
Asya Mutiara Dewi,30/05/2025,4,"Saya pernah ikut menemani salah satu anggota keluarga yang mengurus administrasi di KPP Pratama Surabaya Gubeng. Meskipun saya bukan wajib pajak yang terdaftar di sana, saya tetap merasa diperhatikan sebagai pengunjung. Petugas memberikan pelayanan yang ramah, dan bahkan saat saya menanyakan beberapa hal terkait informasi umum perpajakan, mereka tetap menjawab dengan sopan dan jelas. Tempatnya juga tertata rapi dan cukup nyaman. Menurut saya, pelayanan seperti ini mencerminkan bahwa KPP tidak hanya fokus pada urusan administratif, tapi juga pada pengalaman masyarakat secara keseluruhan.",Tidak
Aisyah Nurhofifah,30/05/2025,4,"Beberapa waktu lalu saya datang ke KPP Pratama Surabaya Gubeng hanya untuk mencari informasi terkait pelaporan pajak pribadi, walaupun saya sendiri bukan terdaftar di sana. Saya kira tidak akan dilayani karena status saya sebagai pengunjung umum, tapi ternyata petugas tetap melayani saya dengan ramah dan profesional. Mereka menjelaskan perbedaan antara KPP sesuai domisili dan bagaimana prosedur perpindahan jika dibutuhkan. Saya sangat mengapresiasi sikap keterbukaan ini karena bisa membangun kepercayaan masyarakat terhadap institusi pajak.",Tidak
Agnita Kaila Wijaya,30/05/2025,5,"Saat itu saya hanya ikut teman saya yang mengurus SPT di KPP Pratama Surabaya Gubeng. Awalnya saya kira saya akan bosan menunggu, tapi ternyata suasana di dalam cukup nyaman dan tertib. Saya juga memperhatikan bagaimana petugas melayani wajib pajak lain dengan sabar dan tidak tergesa-gesa, meskipun antrean sedang panjang. Saya sempat bertanya sedikit soal NPWP untuk diri saya sendiri, dan respons petugas sangat informatif. Meski bukan ""pemilik urusan"", saya tetap merasa dihargai. Ini menurut saya menjadi nilai plus tersendiri.",Tidak
Anastasya Wihardi,30/05/2025,4,"Saya pernah datang ke KPP Pratama Surabaya Gubeng karena saya mengira itu adalah KPP tempat saya terdaftar. Setelah dicek ternyata saya terdaftar di KPP lain. Walaupun begitu, petugas di sana tetap membantu saya mencocokkan data dan memberikan arahan ke mana saya harus pergi. Mereka juga tidak terkesan menyalahkan atau menyuruh saya pergi begitu saja, melainkan menjelaskan dengan jelas dan ramah. Bagi saya, pengalaman ini sangat berkesan karena saya tidak merasa dipersulit, walaupun saya bukan bagian dari wilayah mereka.",Tidak
Kayah Rukoyah,30/05/2025,4,"Sebagai warga yang mulai tertarik memahami perpajakan, saya pernah datang langsung ke KPP Pratama Surabaya Gubeng untuk belajar langsung dari sumbernya. Saya menyampaikan bahwa saya bukan wajib pajak aktif di sana, tapi ingin memahami sistem perpajakan dasar. Saya terkejut karena sambutan yang saya terima sangat baik. Saya dipersilakan menunggu sebentar, lalu ditemui oleh petugas yang menjelaskan dasar-dasar perpajakan dan sistem pelaporannya. Meskipun bukan bagian dari mereka, saya tetap merasa dilayani. Ini menunjukkan komitmen KPP untuk memberikan edukasi pajak kepada siapa pun, bukan hanya yang terdaftar.
",Tidak
abila asikara,31/05/2025,4,"Pelayanan di KPP Pratama Surabaya Gubeng sangat baik, responsif, dan informatif. Mereka juga aktif mengedukasi masyarakat serta menyediakan berbagai saluran komunikasi untuk mempermudah layanan.",Ya
alissa srikandi,31/05/2025,5,"Pelayanan di KPP Pratama Surabaya Gubeng cukup memuaskan dengan petugas yang ramah dan sigap membantu. Proses administrasi berjalan tertib dan efisien, baik secara langsung maupun daring.",Ya
anandita sakira,31/05/2025,4,KPP Pratama Surabaya Gubeng memberikan layanan yang cepat dan profesional. Wajib pajak merasa terbantu dengan kemudahan akses informasi dan pendampingan yang diberikan.,Ya
arika sintari,31/05/2025,5,"Pelayanan di KPP Pratama Surabaya Gubeng tergolong baik, dengan staf yang komunikatif dan informatif. Sistem antrean dan alur layanan juga cukup tertata, memudahkan proses administrasi pajak.",Ya
Asila Abila,31/05/2025,5,Pelayanan di KPP Pratama Surabaya Gubeng dinilai ramah dan cepat oleh para wajib pajak. Fasilitas yang disediakan juga mendukung kenyamanan selama proses pelayanan.,Ya
Asla Karina,31/05/2025,5,Pelayanan di KPP Pratama Surabaya Gubeng tergolong responsif dan efisien. Petugasnya membantu dengan jelas dan sopan dalam setiap proses perpajakan.,Ya
cinta harsumi,31/05/2025,5,Pelayanan di KPP Pratama Surabaya Gubeng berjalan cukup baik dengan penanganan yang cepat. Pegawainya juga kooperatif dalam memberikan informasi yang dibutuhkan.,Ya
della karunia,31/05/2025,5,Pelayanan di KPP Pratama Surabaya Gubeng cukup memuaskan dengan alur yang jelas dan mudah diikuti. Petugasnya juga sigap dalam memberikan bantuan kepada wajib pajak.,Ya
devi nursari,31/05/2025,5,Pelayanan di KPP Pratama Surabaya Gubeng dinilai baik dan profesional. Wajib pajak merasa terbantu dengan penjelasan yang jelas dan layanan yang cepat.,Ya
ellina rantika,31/05/2025,5,Pelayanan di KPP Pratama Surabaya Gubeng berjalan lancar dengan staf yang cekatan dan ramah. Wajib pajak mendapatkan kemudahan dalam mengurus administrasi perpajakan.,Ya
emma laksmiaya,31/05/2025,1,"Saya bukan Wajib Pajak yang terdaftar di KPP Pratama Surabaya Gubeng karena domisili dan aktivitas usaha saya berada di wilayah yang menjadi cakupan KPP Pratama lain. Namun, saya menghargai upaya mereka dalam memberikan pelayanan yang profesional dan informatif bagi wajib pajak di wilayahnya.",Tidak
fakhran akhyar,31/05/2025,2,Saya tidak terdaftar sebagai Wajib Pajak di KPP Pratama Surabaya Gubeng karena alamat tempat tinggal dan kantor saya berada di luar wilayah administrasi KPP tersebut.,Tidak
leo sihombing,31/05/2025,3,Saya tidak terdaftar sebagai Wajib Pajak di KPP Pratama Surabaya Gubeng karena merasa pelayanan di sana kurang memuaskan dan sering mengalami kendala saat mengurus administrasi. Hal ini membuat saya memilih untuk mendaftar di KPP lain yang dianggap lebih responsif dan efisien.,Ya
raditya andika,31/05/2025,1,Saya tidak terdaftar sebagai Wajib Pajak di KPP Pratama Surabaya Gubeng karena pengalaman saya dengan pelayanan di sana kurang ramah dan kurang membantu. Sikap petugas yang kurang komunikatif membuat saya merasa kurang nyaman untuk mendaftar di kantor tersebut.,Tidak
Aldo Syahrullah,31/05/2025,2,"Saya tidak terdaftar sebagai Wajib Pajak di KPP Pratama Surabaya Gubeng karena menurut pengalaman saya, proses pelayanannya terlalu ribet dan tidak efisien. Banyak prosedur yang membingungkan dan kurang penjelasan dari petugas, sehingga saya memilih mendaftar di KPP lain yang lebih mudah diakses.",Ya
Aldi Syahraf ,31/05/2025,2,Saya tidak terdaftar sebagai Wajib Pajak di KPP Pratama Surabaya Gubeng karena prosedur pelayanannya terasa rumit dan memakan waktu lama. Hal tersebut membuat saya memilih kantor pajak lain yang prosesnya lebih sederhana dan cepat.,Ya
Hartono,31/05/2025,3,Saya tidak terdaftar sebagai Wajib Pajak di KPP Pratama Surabaya Gubeng karena proses administrasinya terlalu berbelit-belit dan kurang transparan. Kondisi ini membuat saya kurang nyaman untuk mengurus pajak di kantor tersebut.,Ya
irham,31/05/2025,1,"Pelayanan di KPP Pratama Surabaya Gubeng cenderung rumit dan kurang efisien, sehingga menyulitkan wajib pajak. Komunikasi dari petugas juga kurang jelas, membuat proses menjadi lebih membingungkan.",Ya
Fajar,31/05/2025,5,"Pelayanan di KPP Pratama Surabaya Gubeng sangat profesional dan cepat, membuat proses administrasi pajak menjadi mudah. Petugasnya ramah dan selalu siap membantu dengan penjelasan yang jelas.",Ya
sartika anastasia,31/05/2025,4,Pelayanan di KPP Pratama Surabaya Gubeng sangat memuaskan dengan staf yang sigap dan ramah. Prosesnya efisien sehingga wajib pajak merasa nyaman dan terbantu.,Ya
Noer Asyura,31/05/2025,5,"Saya sangat puas, petugasnya ramah dan membantu sekali",Ya
Hanum Larasati,31/05/2025,4,"Lumayan sih, prosesnya cukup cepat walau antrinya agak lama. ",Ya
Muhammad Zaki,31/05/2025,3,"Biasa aja, nggak buruk tapi juga nggak terlalu istimewa",Ya
Khalil Hawari,31/05/2025,2,"Kurang memuaskan, saya sempat diarahkan ke loket yang salah",Tidak
Giffary Guntur,31/05/2025,1,"Tidak puas, saya datang pagi tapi selesai hampir sore",Tidak
Mohammed Yousef,31/05/2025,5,"Pelayanannya sangat baik, semua jelas dan teratur",Ya
Nadzar bin Abu Bakar,31/05/2025,2,Saya agak kecewa karena harus bolak-balik cuma untuk satu urusan,Tidak
Syafeeyyah,31/05/2025,4,"Sudah oke, tapi masih bisa ditingkatkan lagi terutama soal antrean",Ya
Andhika Hawa Lestari,31/05/2025,3,"Menurut saya standar aja, nggak ada masalah besar. ",Ya
Taniya Aulia,31/05/2025,2,Petugasnya kurang responsif waktu saya tanya-tanya. ,Tidak
Wahdaniyah,31/05/2025,5,"Sangat puas, semuanya cepat dan tanpa ribet.",Ya
Fattiha Maulida,31/05/2025,4,"Pelayanannya cukup baik, tapi tempat tunggunya sempit. ",Ya
Fanola Tyas,31/05/2025,2,"Saya merasa kurang nyaman, terlalu lama menunggu giliran",Tidak
Indah Mawaddah,31/05/2025,1,"Tidak puas, saya datang pagi tapi selesai hampir sore",Tidak
Jauhari,31/05/2025,5,"Bagus kok, saya dilayani dengan sopan dan cepat",Ya
Sulastri,31/05/2025,3,Saya agak bingung karena informasi di papan petunjuk kurang jelas,Ya
Mulyono,31/05/2025,5,"Senang bisa dibantu dengan ramah, jadi urusan pajak selesai tanpa stres",Ya
Adam Toha,31/05/2025,2,"Rasanya terlalu birokratis, padahal urusannya sederhana",Tidak
Aliza Yueva,31/05/2025,4,"Overall memuaskan, meskipun tadi sistem sempat error",Ya
Johar,31/05/2025,1,"Saya tidak puas, petugasnya terkesan cuek. ",Tidak
Safitri Ekawati,31/05/2025,5,"Saya bersyukur dilayani dengan cepat, terima kasih",Ya
Safira,31/05/2025,4,"Prosesnya lancar, cuma tadi sistemnya sempat offline sebentar.",Tidak
Sarafina Dyna,31/05/2025,4,"Petugasnya ramah dan informatif, cuma tempat parkirnya susah.",Tidak
M. Hasan,31/05/2025,4,"Sudah cukup baik, walau antrean online masih agak membingungkan.",Tidak
Pradana,31/05/2025,4,"Saya puas, tapi menurut saya ruang tunggunya perlu diperbaiki.",Tidak
Galih Maulana,31/05/2025,4,"Pelayanannya cepat, tapi tidak semua loket aktif jadi agak nunggu.",Tidak
Irawan,31/05/2025,3,"Ya lumayan lah, nggak cepat banget tapi juga nggak lama.",Tidak
Hendro Yana,31/05/2025,3,"Standar saja, pengalaman biasa, nggak ada yang terlalu menonjol.",Tidak
M. Ghaffur,31/05/2025,3,"Tidak buruk, tapi masih banyak hal kecil yang bisa dibenahi.",Tidak
Waluyo,31/05/2025,4,"Saya merasa netral, semua berjalan sesuai prosedur tapi belum terasa efisien.",Tidak
Naila Fitriyyani ,31/05/2025,3,"Saya sangat apresiasi pelayanan di KPP Pratama Surabaya Gubeng! Petugasnya ramah, sabar, dan benar-benar membantu menjelaskan prosedur dengan detail. Walaupun antrian cukup panjang, mereka tetap menjaga kerapian dan memastikan semua pertanyaan wajib pajak terjawab. Suasana ruang tunggunya juga nyaman, ada tempat duduk yang cukup dan informasi pajak yang jelas terpampang di dinding.",Tidak
Kirana aidha,31/05/2025,4,"Sejak ada layanan antrian online, prosesnya jadi jauh lebih efisien. Saya bisa booking nomor antrian dari rumah dan datang sesuai jadwal, jadi tidak perlu mengantri terlalu lama. KPP Gubeng juga menyediakan layanan digital seperti e-filing dan e-billing yang memudahkan wajib pajak. Benar-benar mengurangi waktu tunggu dan membuat segalanya lebih terorganisir.",Tidak
Marsha Ruela,31/05/2025,5,"KPP ini benar-benar memikirkan kenyamanan wajib pajak. Ada banyak loket pelayanan, toilet bersih, bahkan area khusus lansia dan disabilitas. Saya juga suka dengan adanya tempat isi ulang air minum gratis dan ruang tunggu ber-AC yang nyaman. Petugas security-nya juga sigap membantu pengunjung yang kebingungan. Sungguh pelayanan yang manusiawi",Tidak
Jasmine kayla,31/05/2025,5,"Pernah suatu kali ada kendala teknis saat mengurus SPT, tapi petugas di KPP Gubeng langsung menangani dengan cepat dan memberikan solusi alternatif. Mereka bahkan memberikan nomor kontak khusus untuk follow-up. Saya terkesan dengan komitmen mereka dalam menyelesaikan masalah tanpa berbelit-belit. Pelayanan seperti ini yang bikin wajib pajak merasa dihargai",Tidak
Keenam putra ,31/05/2025,5,"Selain pelayanan administrasi, KPP Gubeng juga aktif memberikan sosialisasi dan bimbingan teknis terkait perpajakan. Saya pernah ikut seminar gratis mereka tentang tax planning, dan materinya sangat bermanfaat. Petugasnya tidak hanya melayani, tapi juga edukatif—siap menjelaskan regulasi terbaru dengan bahasa yang mudah dimengerti. Ini sangat membantu bagi UMKM seperti saya.""*",Tidak
Suci kirani,31/05/2025,4,"Walaupun ramai, layanan khusus seperti restitusi pajak atau konsultasi intensif ditangani dengan cepat. Saya pernah mengajukan permohonan percepatan dan benar-benar diproses dalam waktu singkat. Tim di KPP Gubeng paham betul urgensi kebutuhan wajib pajak dan bekerja dengan efisien. Bahkan, mereka kadang memberi reminder via email/SMS untuk dokumen yang kurang. Very impressive!",Tidak
Cahya dwi,31/05/2025,5,"Pengalaman ibu saya yang sudah berusia 67 tahun dalam mengurus SPT di KPP Gubeng sungguh menyentuh hati. Sejak dari pintu masuk, petugas security langsung mempersilakan beliau untuk menggunakan antrian prioritas. Petugas di loket dengan sabar mendampingi proses pengisian formulir, menjelaskan setiap kolom dengan bahasa yang sederhana dan tidak terburu-buru. Ketika ada beberapa dokumen yang kurang, mereka tidak memarahi tetapi malah membantu mencetak dokumen yang diperlukan di tempat. Yang paling berkesan, ketika ibu saya kebingungan memahami beberapa istilah teknis, seorang petugas dengan sukarela menemani ke ruang tunggu dan menjelaskan dengan analogi kehidupan sehari-hari sampai ibu saya benar-benar paham. Pelayanan yang begitu humanis ini membuat ibu saya yang awalnya takut berurusan dengan pajak, sekarang justru merasa nyaman dan dihargai sebagai wajib pajak senior.",Tidak
Jonathan Rafael,31/05/2025,4,KPP Pratama Surabaya sudah melakukan upaya untuk meningkatkan kualitas ,Ya
Febrian Maulana,31/05/2025,5,Puas terhadap pelayanan yang diberikan oleh KPP Pratama Surabaya Gubeng,Ya
Diaz Rochman,31/05/2025,4,"Progres pekerjaan di KPP Pratama Surabaya Gubeng sangat cepat, sehingga tidak membuang-buang waktu saya",Ya
Maharni Dewi,31/05/2025,3,KPP Pratama Surabaya sedikit lambat dalam melayani pertanyaan customer,Ya
Yosshi Karina,31/05/2025,4,"Suasana kantor KPP Pratama Surabaya Gubeng sangat nyaman, sehingga membuat customer menunggu dengan nyaman",Ya
Syafa Nur,31/05/2025,5,"Secara keseluruhan saya puas terhadap pelayanan, kecepatan pekerjaan, serta suasana tempat menunggu yang nyaman",Ya
Ferisha Emilya ,31/05/2025,1,"Petugasnya terkesan tidak ramah dan kurang membantu, bikin tambah bingung",Ya
Rinata Agustina ,31/05/2025,3,"Pelayanan cukup oke, tapi masih bisa ditingkatkan terutama soal kecepatan",Ya
Jeovanna Athalia ,31/05/2025,4,Proses pengurusan pajak lumayan cepat dan rapi.,Ya
Aulia Vizel,31/05/2025,4,"KPP Pratama Surabaya Gubeng sangat ahli dalam melayani kebutuhan customer, langsung di kerjakan dengan cepat, tingkatkan terus kualitas pelayanannya ",Ya
Chantiqa Felizya ,31/05/2025,4,"Petugasnya cukup ramah dan membantu, penjelasannya juga jelas.",Tidak
Silvia Irma ,31/05/2025,5,"Pelayanannya cepat, ramah, dan sangat membantu dari awal sampai selesai.",Tidak
Java Alvian ,31/05/2025,5,"Antreannya tertib dan nggak makan waktu lama, sangat efisien.",Ya
Rafie Pratama ,31/05/2025,5,"Petugasnya sangat profesional dan sabar, bikin nyaman ngurus pajak",Ya
Fernanda Yasril ,31/05/2025,4,Tempatnya bersih dan pelayanan cukup tertib.,Ya
Ardena Fajar ,31/05/2025,3,Prosesnya berjalan lancar meski agak lambat.,Ya
Ujang Ari,31/05/2025,2,"Waktu tunggunya cukup lama, padahal antrean tidak terlalu banyak.",Ya
Aska Maulana ,31/05/2025,4,"Saya sebenarnya bukan Wajib Pajak yang terdaftar di KPP Pratama Surabaya Gubeng, namun beberapa waktu lalu saya mengantar orang tua mengurus administrasi di sana. Meskipun saya hanya mendampingi, saya merasa pelayanan publik yang diberikan cukup memuaskan",Tidak
Robi Pratama,31/05/2025,1,"Antriannya lama banget, padahal datang pagi. Sistemnya nggak efisien.",Tidak
Jihan Almira ,31/05/2025,3,"Petugasnya informatif, meski beberapa masih kaku dan kurang ramah.",Ya
Nova Eliza ,31/05/2025,4,"Sudah jauh lebih baik dibanding beberapa tahun lalu, lebih profesional.",Tidak
Candy Elzira,31/05/2025,5,Layanan di sini bikin kesan bahwa urusan pajak itu nggak harus ribet.,Tidak
Zenita Alma ,31/05/2025,5,"Sangat puas! Semua proses dijelaskan dengan jelas, nggak ada yang membingungkan.",Tidak
Arya Mubarak ,31/05/2025,4,"Meskipun saya bukan terdaftar di KPP Pratama Surabaya Gubeng, saya pernah datang untuk menanyakan soal perpajakan usaha keluarga. Petugasnya tetap melayani dengan sopan dan tidak membeda-bedakan. Saya sangat menghargai sikap profesional seperti ini karena bisa membuat masyarakat merasa nyaman dan terbantu, meskipun tidak tercatat sebagai Wajib pajak di sana",Ya
Jenny Agustina ,31/05/2025,2,Kesannya kurang sigap saat menangani pertanyaan yang sedikit teknis.,Tidak
Gading Kinanthi ,31/05/2025,3,"Masih standar pelayanan publik, belum bisa dibilang istimewa.",Tidak
Selena Willa ,31/05/2025,3,"Sistem informasi di loket sudah oke, cuma kurang jelas untuk pemula.",Tidak
Nailla Lazuarda ,31/05/2025,4,"Sistem informasi di loket sudah oke, cuma kurang jelas untuk pemula.",Tidak
Diva Pravita ,31/05/2025,5,"Pernah konsultasi pajak langsung, dibantu dengan sangat detail dan ramah",Tidak
Yusuf Kirana ,31/05/2025,5,"Saya pernah mengikuti sosialisasi perpajakan yang diadakan oleh KPP Pratama Surabaya Gubeng di kampus. Walau saya bukan WP yang terdaftar di sana, saya merasa kegiatan tersebut sangat bermanfaat",Tidak
Karina Mega,31/05/2025,4,Ruang tunggu yang nyaman dan petugas sangat ramah,Ya
Samuel Rando,31/05/2025,5,Pelayanan sangat cepat dan efisien,Tidak
Will Hartanto,31/05/2025,3,"Meskipun ramai, petugas tetap sabar dan ramah",Tidak
Dion Kusuma,31/05/2025,4,Petugasnya profesional dan mau bantu jelaskan prosedur benar ,Ya
Tiana Sandi,31/05/2025,3,Petugas siap mengarahkan kalau kita kebingungan,Ya
Wahyu Hidayat ,31/05/2025,4,"Saya sempat menghubungi KPP Pratama Surabaya Gubeng melalui telepon untuk bertanya soal pelaporan SPT Tahunan. Walaupun saya bukan WP yang terdaftar di sana, petugas tetap menjawab dengan baik. Namun, saya rasa sistem pelayanan lewat telepon atau online masih bisa lebih ditingkatkan agar tidak terlalu lama menunggu",Tidak
Amelia Syahri,31/05/2025,5,"Saya tetap dilayani dengan baik, padahal sudah mau jam tutup",Ya
Dita Alivia,31/05/2025,4,"Saya datang untuk konsultasi, tapi dilayani dengan sopan dan serius",Tidak
Reno Maulana,31/05/2025,4,Langkah-langkah pendaftaran NPWP saya dijelaskan dengan rinci oleh petugas,Tidak
Erika Nadya,31/05/2025,3,Layanan yang lengkap dan bisa langsung dibantu dengan cepat,Tidak
Gisel Selvia,31/05/2025,5,Petugas yang infomatif dan siap menjelaskan prosedur,Ya
Ahmad Ashraf ,31/05/2025,4,"Saya pribadi bukan wajib pajak di sana, tapi saya cukup terkesan dengan sistem antrean yang teratur dan informasi yang tersedia cukup jelas. Pelayanan seperti ini menurut saya patut diapresiasi karena mencerminkan pelayanan publik yang terbuka dan ramah",Tidak
Ayu Pratiwi ,31/05/2025,5,"Saya bukan WP KPP Gubeng, tapi sistem antreannya rapi dan suasana kantornya cukup nyaman dan pelayanannya terlihat cepat dan petugasnya informatif",Tidak
Fira Maharani ,31/05/2025,4,"Pernah konsultasi meski bukan wajib pajak terdaftar, tetap dilayani dengan ramah dan jelas dan Pernah datang untuk tanya soal SPT, petugasnya sabar dan menjelaskan dengan baik",Tidak
Anastasia,31/05/2025,4,Pelayanannya baik dan pegawai menjelaskan dengan baik pada saya,Tidak
Malik ahmad,31/05/2025,4,Pelayanan di KPP Pratama Surabaya Gubeng sangat ramah dan profesional. Petugas pajak yang bertugas sangat membantu dan memberikan informasi yang jelas dan akurat tentang prosedur pajak.,Tidak
dewi ratna,31/05/2025,5,Proses pelayanan di KPP Pratama Surabaya Gubeng sangat cepat dan efisien. Wajib pajak dapat dengan mudah mengurus pajak mereka tanpa harus menunggu terlalu lama.,Tidak
vanessa angel,31/05/2025,4,"KPP Pratama Surabaya Gubeng telah menerapkan sistem online yang maju untuk memudahkan wajib pajak dalam mengurus pajak. Sistem ini memungkinkan wajib pajak untuk membuat dan melaporkan pajak secara online, sehingga lebih efisien dan efektif.",Tidak
gilang fauzi,31/05/2025,5,KPP Pratama Surabaya Gubeng memberikan informasi yang jelas dan akurat tentang prosedur pajak dan kebijakan pajak. Wajib pajak dapat dengan mudah memahami informasi yang diberikan dan mengurus pajak mereka dengan benar.,Tidak
mayang aura,31/05/2025,5,KPP Pratama Surabaya Gubeng memiliki fasilitas yang nyaman dan memadai untuk wajib pajak. Ruang tunggu yang nyaman dan fasilitas lainnya membuat wajib pajak merasa nyaman saat mengurus pajak.,Tidak
kamelia nisa,31/05/2025,5,Komunikasi antara petugas pajak dan wajib pajak sangat baik. Petugas pajak sangat responsif dan membantu dalam menjawab pertanyaan dan masalah yang dihadapi oleh wajib pajak.,Tidak
ahmad sariffudin,31/05/2025,5,"KPP Pratama Surabaya Gubeng bekerja sama dengan aplikasi pajak seperti Mekari Klikpajak, yang membantu wajib pajak dalam mengelola pajak secara online dan terintegrasi. Aplikasi ini juga menyediakan fitur-fitur seperti e-faktur, e-billing, dan e-filing, sehingga memudahkan wajib pajak dalam mengurus pajak.",Tidak
Nayana putri ,31/05/2025,4,"Pelayanan yang saya terima di KPP Pratama Surabaya Gubeng terasa kurang memuaskan, terutama dari segi kejelasan informasi dan sikap petugas.
Saat saya datang untuk menanyakan proses pelaporan SPT tahunan, saya mendapatkan jawaban yang kurang konsisten dari beberapa petugas. Ada perbedaan informasi yang membuat saya kebingungan dan harus berpindah-pindah meja hanya untuk mencari tahu prosedur yang benar. Hal ini tentu saja membuang waktu dan membuat pengalaman saya menjadi kurang menyenangkan. Saya berharap ke depannya petugas dapat memberikan informasi yang lebih seragam dan jelas.",Ya
Muhammad Ali,31/05/2025,4,Pembayaran di KKP Pratama Surabaya Gubeng di.proses dengan cepat meski saya bukan terdaftar disana,Tidak
Kanaya melati ,31/05/2025,5,"Saya merasa waktu tunggu yang saya alami tidak sebanding dengan kualitas pelayanan yang diberikan.
Ketika saya datang ke kantor pajak, saya sudah mengambil nomor antrean dan menunggu dengan sabar. Namun, setelah menunggu lebih dari satu jam, saya belum juga dipanggil, padahal antrean tampak tidak terlalu panjang. Tidak ada pemberitahuan atau permintaan maaf atas keterlambatan tersebut. Menurut saya, manajemen antrean masih bisa diperbaiki agar lebih efisien dan transparan.
",Ya
Siti Aisyah,31/05/2025,5,pelayanan di KPP Pratama Surabaya Gubeng cukup baik dan terus menunjukkan perbaikan dari waktu ke waktu.,Tidak
Hanif Alaydrus ,31/05/2025,5,"Sikap beberapa petugas cenderung kurang ramah dan terkesan tidak sabar dalam melayani wajib pajak.
Sebagai warga negara yang ingin taat pajak, saya berharap bisa mendapatkan bimbingan dengan baik. Namun, ketika saya bertanya tentang suatu hal yang tidak saya pahami, saya justru mendapat respon yang tidak menyenangkan dari petugas. Nada bicaranya cenderung tinggi dan tidak menunjukkan empati. Ini tentu sangat mengecewakan, karena pelayanan publik seharusnya dilakukan dengan sikap profesional dan bersahabat.
",Ya
Danang Haryanto,31/05/2025,4,"Petugas di bagian pelayanan, baik yang menangani langsung wajib pajak maupun yang bertugas di bagian informasi, bersikap ramah dan membantu.",Tidak
Bayu Permana Putra ,31/05/2025,4,"Fasilitas kantor belum mendukung kenyamanan bagi wajib pajak yang datang secara langsung.
Saat saya berkunjung, ruang tunggu terasa sangat sempit dan penuh sesak, terlebih saat jam sibuk. Tidak semua kursi tersedia dan AC tampaknya tidak berfungsi maksimal, membuat suasana menjadi panas dan tidak nyaman. Saya kira, perbaikan fasilitas dan pengaturan ruang tunggu yang lebih baik akan sangat membantu menciptakan lingkungan pelayanan yang lebih kondusif.",Ya
Maya Aulia Sari,31/05/2025,5,"Petugas menjelaskan prosedur secara jelas, serta memberikan arahan yang memudahkan wajib pajak untuk memenuhi kewajibannya.",Tidak
Gracia Auliya,31/05/2025,2,"Dari sisi fasilitas, ruang pelayanan di KPP Pratama Surabaya Gubeng cukup tertata dengan baik, bersih, dan dilengkapi dengan sistem antrean elektronik yang cukup efisien.",Tidak
Kayana Mautia,31/05/2025,4,"Meskipun sebagian besar petugas sudah memahami prosedur dengan baik, ada kalanya informasi yang disampaikan oleh satu petugas tidak konsisten dengan petugas lainnya, sehingga menimbulkan kebingungan bagi wajib pajak.",Tidak
Harris Adzriel,31/05/2025,4,"pelayanannya sangat ramah, penjelasan tentang pajak juga sangat membantu dan mudah dipahami orang yang tidak terlalu mengerti ",Ya
Yemima Bachtiar,31/05/2025,4,"Saya cukup puas dengan pelayanan yang diberikan, meskipun sempat menunggu agak lama, tetapi petugas tetap ramah dan profesional dalam menangani pertanyaan saya",Ya
Ahmad Fauzi,31/05/2025,4,"Saya sudah beberapa kali datang ke KPP Gubeng dan sejauh ini selalu mendapatkan pelayanan yang konsisten, cepat, dan tanpa hambatan berarti",Ya
Gilang Dirga,31/05/2025,5,"Petugas front office sangat sigap dalam menangani keluhan. Saya sempat mengalami kendala pelaporan, dan langsung dibantu hingga selesai",Ya
Rizki Biananda,31/05/2025,4,"KPP Gubeng memberikan kesan yang profesional. Proses pelayanan berlangsung cepat, dan tidak perlu bolak-balik karena informasi awal sudah lengkap",Ya
Helena Agatha ,31/05/2025,5,"Menurut saya, pelayanan di kantor pajak saat ini sudah jauh lebih baik dibandingkan beberapa tahun lalu. Petugasnya ramah, antrean lebih teratur,",Ya
Rudi Hartanto,31/05/2025,4,"Saya harap ke depan ada pengembangan layanan digital yang lebih user-friendly, agar wajib pajak seperti saya tidak harus datang langsung ke kantor",Ya
Zahra Kinara,31/05/2025,4,"Saya merasa pelayanan di kantor pajak sangat baik. Petugasnya ramah dan profesional, serta siap membantu jika ada kesulitan dalam proses pelaporan atau pembayaran pajak. Prosedur yang dulunya rumit sekarang jadi lebih mudah berkat sistem online dan bantuan langsung dari petugas",Ya
Ahmad Fauzi,31/05/2025,4,Saya sangat terbantu dengan adanya layanan edukasi pajak bagi UMKM. Petugasnya memberikan informasi yang praktis dan mudah dipahami,Ya
Dewi Sartika,31/05/2025,5,"Saya cukup terkesan karena saat datang tanpa janji pun, saya tetap dilayani dengan cepat dan sopan. Hal ini jarang saya temui di kantor pelayanan lain",Ya
Alya Agustina ,31/05/2025,5,"Mereka mampu menjawab pertanyaan dengan cukup jelas, baik melalui layanan langsung di loket maupun secara daring (online).",Ya
Amira Setiawan ,31/05/2025,5,kantor ini juga ada kegiatan mengedukasi masyarakat tentang perpajakan,Ya
Pramudya Dipta   ,31/05/2025,5,antrian di loket teroganisir dengan baik sehingga tidak bete menunggu ,Ya
Revan Pratama ,31/05/2025,5,"ramah dan karyawannya mampu menjawab pertanyaan saya tentang pajak, npwp dll dengan singkat dan jelas ",Ya
Nayara Safitri ,31/05/2025,4,"Prosedur pelayanan terlalu panjang dan kurang terintegrasi.
Dalam proses permohonan NPWP Badan, saya harus melalui berbagai tahapan yang menurut saya masih terlalu berbelit-belit. Saya diminta untuk kembali beberapa kali karena dokumen dianggap belum lengkap, padahal tidak ada informasi sebelumnya mengenai kelengkapan tersebut. Jika informasi yang dibutuhkan bisa disampaikan secara rinci sejak awal, tentu prosesnya bisa jauh lebih efisien.
",Ya
Eky Fernanda Setyawan Putra,01/06/2025,5,"fasilitas memadai, layanan cepat dan ramah",Tidak
