Timestamp,Apakah Anda merupakan Wajib Pajak yang terdaftar di KPP Pratama Surabaya Gubeng?  ,Nama,Rating,Tanggapan Anda tentang Pelayanan di KPP Pratama Surabaya Gubeng  
30/05/2025 15:51:59,Ya,Adinda Aenun ,4,"Pelayanan di KPP Pratama Surabaya Gubeng sangat memuaskan. Petugasnya ramah, cepat tanggap, dan selalu siap membantu. Setiap kali saya datang untuk mengurus kewajiban perpajakan, prosesnya selalu berjalan lancar dan tidak memakan waktu lama. Ruang layanan juga tertata rapi dan nyaman, sehingga membuat pengalaman saya sebagai wajib pajak menjadi menyenangkan."
30/05/2025 15:53:40,Ya,cia aulia,5,Pelayanan di KPP Pratama Surabaya Gubeng sangat ramah dan informatif. Petugasnya cepat tanggap dan membantu menjelaskan proses pelaporan pajak dengan jelas.
30/05/2025 16:02:54,Ya,Riska Saputri ,5,"Saya sangat mengapresiasi pelayanan yang diberikan oleh KPP Pratama Surabaya Gubeng. Petugasnya profesional dan sabar dalam menjelaskan hal-hal yang belum saya pahami terkait kewajiban pajak. Selain itu, sistem antrean yang teratur dan suasana kantor yang kondusif membuat saya merasa nyaman dan dihargai sebagai wajib pajak. Semoga kualitas pelayanan seperti ini terus dipertahankan."
30/05/2025 16:04:09,Ya,grace mega,5,Saya merasa puas dengan pelayanan di KPP Pratama Surabaya Gubeng. Antrian teratur dan prosesnya tidak memakan waktu lama.
30/05/2025 16:13:07,Ya,ramadhan saputra,4,Stafnya profesional dan sabar dalam menjawab pertanyaan saya. Lokasinya juga nyaman dan mudah dijangkau.
30/05/2025 16:21:58,Ya,Ananda Kurniawan ,5,"Sebagai wajib pajak yang terdaftar di KPP Pratama Surabaya Gubeng, saya merasa terbantu dengan layanan yang diberikan. Informasi yang saya butuhkan mudah diakses, baik melalui petugas langsung maupun kanal digital yang disediakan. Saya juga melihat adanya perbaikan dari waktu ke waktu, yang menunjukkan bahwa KPP Gubeng berkomitmen untuk memberikan pelayanan yang terbaik bagi masyarakat."
30/05/2025 16:23:08,Ya,gugun gunawan,5,"Awalnya saya bingung soal e-filing, tapi petugas di KPP Pratama Gubeng menjelaskan dengan sabar. Pelayanan yang sangat membantu masyarakat."
30/05/2025 16:38:48,Ya,Very Firmansyah ,5,"Proses administrasi yang biasanya rumit menjadi lebih mudah karena adanya panduan yang jelas dan bantuan dari petugas. Saya pernah mengalami kendala dalam pelaporan pajak, namun segera dibantu dengan cepat dan profesional. Saya merasa sangat dihargai dan didukung sebagai warga negara yang patuh pajak."
30/05/2025 16:42:13,Ya,arie ilham,3,"Cukup memuaskan, hanya saja waktu tunggunya kadang agak lama di jam-jam sibuk. Tapi secara keseluruhan pelayanannya baik."
30/05/2025 16:54:53,Ya,neng sari,4,Saya mengurus NPWP baru dan semua prosesnya berjalan lancar. Petugasnya responsif dan ramah.
30/05/2025 17:00:28,Ya,Fazril Ardiansyah ,4,"Pelayanan yang cepat, ramah, dan efisien membuat saya tidak ragu untuk datang langsung jika membutuhkan bantuan. Petugas tidak hanya melayani dengan sopan, tetapi juga memberikan edukasi yang bermanfaat tentang kewajiban perpajakan. Ini sangat membantu terutama bagi wajib pajak pribadi seperti saya."
30/05/2025 17:02:36,Ya,sarah azizah,5,KPP Pratama Surabaya Gubeng memberikan pelayanan publik yang efisien. Sangat membantu wajib pajak yang baru pertama kali mengurus administrasi.
30/05/2025 17:18:22,Ya,Ahmad Ridho ,4,"Saya sangat puas dengan pelayanan yang diberikan oleh KPP Pratama Surabaya Gubeng. Setiap kali saya mengurus keperluan pajak, saya selalu mendapat sambutan yang ramah dan bantuan yang jelas dari petugas. Hal ini membuat proses yang awalnya terasa rumit menjadi lebih mudah dipahami dan dijalani. Menurut saya, pelayanan seperti ini mencerminkan kualitas dan komitmen yang tinggi terhadap publik."
30/05/2025 17:35:46,Ya,Dena Anggela,4,"Pelayanan di KPP Pratama Surabaya Gubeng sangat membantu dan memuaskan. Petugasnya responsif dan tidak segan memberikan penjelasan secara detail. Saya juga menyukai sistem digital yang semakin berkembang, seperti e-registration dan pelaporan online, yang semakin memudahkan wajib pajak. Terima kasih kepada seluruh staf KPP Gubeng atas dedikasi dan pelayanannya yang luar biasa."
30/05/2025 17:54:49,Tidak,Asya Mutiara Dewi,4,"Saya pernah ikut menemani salah satu anggota keluarga yang mengurus administrasi di KPP Pratama Surabaya Gubeng. Meskipun saya bukan wajib pajak yang terdaftar di sana, saya tetap merasa diperhatikan sebagai pengunjung. Petugas memberikan pelayanan yang ramah, dan bahkan saat saya menanyakan beberapa hal terkait informasi umum perpajakan, mereka tetap menjawab dengan sopan dan jelas. Tempatnya juga tertata rapi dan cukup nyaman. Menurut saya, pelayanan seperti ini mencerminkan bahwa KPP tidak hanya fokus pada urusan administratif, tapi juga pada pengalaman masyarakat secara keseluruhan."
30/05/2025 17:59:12,Tidak,Aisyah Nurhofifah,4,"Beberapa waktu lalu saya datang ke KPP Pratama Surabaya Gubeng hanya untuk mencari informasi terkait pelaporan pajak pribadi, walaupun saya sendiri bukan terdaftar di sana. Saya kira tidak akan dilayani karena status saya sebagai pengunjung umum, tapi ternyata petugas tetap melayani saya dengan ramah dan profesional. Mereka menjelaskan perbedaan antara KPP sesuai domisili dan bagaimana prosedur perpindahan jika dibutuhkan. Saya sangat mengapresiasi sikap keterbukaan ini karena bisa membangun kepercayaan masyarakat terhadap institusi pajak."
30/05/2025 18:04:25,Tidak,Agnita Kaila Wijaya,5,"Saat itu saya hanya ikut teman saya yang mengurus SPT di KPP Pratama Surabaya Gubeng. Awalnya saya kira saya akan bosan menunggu, tapi ternyata suasana di dalam cukup nyaman dan tertib. Saya juga memperhatikan bagaimana petugas melayani wajib pajak lain dengan sabar dan tidak tergesa-gesa, meskipun antrean sedang panjang. Saya sempat bertanya sedikit soal NPWP untuk diri saya sendiri, dan respons petugas sangat informatif. Meski bukan ""pemilik urusan"", saya tetap merasa dihargai. Ini menurut saya menjadi nilai plus tersendiri."
30/05/2025 18:10:04,Tidak,Anastasya Wihardi,4,"Saya pernah datang ke KPP Pratama Surabaya Gubeng karena saya mengira itu adalah KPP tempat saya terdaftar. Setelah dicek ternyata saya terdaftar di KPP lain. Walaupun begitu, petugas di sana tetap membantu saya mencocokkan data dan memberikan arahan ke mana saya harus pergi. Mereka juga tidak terkesan menyalahkan atau menyuruh saya pergi begitu saja, melainkan menjelaskan dengan jelas dan ramah. Bagi saya, pengalaman ini sangat berkesan karena saya tidak merasa dipersulit, walaupun saya bukan bagian dari wilayah mereka."
30/05/2025 18:15:34,Tidak,Kayah Rukoyah,4,"Sebagai warga yang mulai tertarik memahami perpajakan, saya pernah datang langsung ke KPP Pratama Surabaya Gubeng untuk belajar langsung dari sumbernya. Saya menyampaikan bahwa saya bukan wajib pajak aktif di sana, tapi ingin memahami sistem perpajakan dasar. Saya terkejut karena sambutan yang saya terima sangat baik. Saya dipersilakan menunggu sebentar, lalu ditemui oleh petugas yang menjelaskan dasar-dasar perpajakan dan sistem pelaporannya. Meskipun bukan bagian dari mereka, saya tetap merasa dilayani. Ini menunjukkan komitmen KPP untuk memberikan edukasi pajak kepada siapa pun, bukan hanya yang terdaftar.
"
31/05/2025 4:09:56,Ya,abila asikara,4,"Pelayanan di KPP Pratama Surabaya Gubeng sangat baik, responsif, dan informatif. Mereka juga aktif mengedukasi masyarakat serta menyediakan berbagai saluran komunikasi untuk mempermudah layanan."
31/05/2025 4:10:52,Ya,alissa srikandi,5,"Pelayanan di KPP Pratama Surabaya Gubeng cukup memuaskan dengan petugas yang ramah dan sigap membantu. Proses administrasi berjalan tertib dan efisien, baik secara langsung maupun daring."
31/05/2025 4:11:44,Ya,anandita sakira,4,KPP Pratama Surabaya Gubeng memberikan layanan yang cepat dan profesional. Wajib pajak merasa terbantu dengan kemudahan akses informasi dan pendampingan yang diberikan.
31/05/2025 4:12:32,Ya,arika sintari,5,"Pelayanan di KPP Pratama Surabaya Gubeng tergolong baik, dengan staf yang komunikatif dan informatif. Sistem antrean dan alur layanan juga cukup tertata, memudahkan proses administrasi pajak."
31/05/2025 4:13:35,Ya,Asila Abila,5,Pelayanan di KPP Pratama Surabaya Gubeng dinilai ramah dan cepat oleh para wajib pajak. Fasilitas yang disediakan juga mendukung kenyamanan selama proses pelayanan.
31/05/2025 4:14:37,Ya,Asla Karina,5,Pelayanan di KPP Pratama Surabaya Gubeng tergolong responsif dan efisien. Petugasnya membantu dengan jelas dan sopan dalam setiap proses perpajakan.
31/05/2025 4:15:17,Ya,cinta harsumi,5,Pelayanan di KPP Pratama Surabaya Gubeng berjalan cukup baik dengan penanganan yang cepat. Pegawainya juga kooperatif dalam memberikan informasi yang dibutuhkan.
31/05/2025 4:16:23,Ya,della karunia,5,Pelayanan di KPP Pratama Surabaya Gubeng cukup memuaskan dengan alur yang jelas dan mudah diikuti. Petugasnya juga sigap dalam memberikan bantuan kepada wajib pajak.
31/05/2025 4:17:07,Ya,devi nursari,5,Pelayanan di KPP Pratama Surabaya Gubeng dinilai baik dan profesional. Wajib pajak merasa terbantu dengan penjelasan yang jelas dan layanan yang cepat.
31/05/2025 4:17:46,Ya,ellina rantika,5,Pelayanan di KPP Pratama Surabaya Gubeng berjalan lancar dengan staf yang cekatan dan ramah. Wajib pajak mendapatkan kemudahan dalam mengurus administrasi perpajakan.
31/05/2025 4:20:35,Tidak,emma laksmiaya,1,"Saya bukan Wajib Pajak yang terdaftar di KPP Pratama Surabaya Gubeng karena domisili dan aktivitas usaha saya berada di wilayah yang menjadi cakupan KPP Pratama lain. Namun, saya menghargai upaya mereka dalam memberikan pelayanan yang profesional dan informatif bagi wajib pajak di wilayahnya."
31/05/2025 4:24:48,Tidak,fakhran akhyar,2,Saya tidak terdaftar sebagai Wajib Pajak di KPP Pratama Surabaya Gubeng karena alamat tempat tinggal dan kantor saya berada di luar wilayah administrasi KPP tersebut.
31/05/2025 4:27:14,Ya,leo sihombing,3,Saya tidak terdaftar sebagai Wajib Pajak di KPP Pratama Surabaya Gubeng karena merasa pelayanan di sana kurang memuaskan dan sering mengalami kendala saat mengurus administrasi. Hal ini membuat saya memilih untuk mendaftar di KPP lain yang dianggap lebih responsif dan efisien.
31/05/2025 4:27:55,Tidak,raditya andika,1,Saya tidak terdaftar sebagai Wajib Pajak di KPP Pratama Surabaya Gubeng karena pengalaman saya dengan pelayanan di sana kurang ramah dan kurang membantu. Sikap petugas yang kurang komunikatif membuat saya merasa kurang nyaman untuk mendaftar di kantor tersebut.
31/05/2025 4:30:44,Ya,Aldo Syahrullah,2,"Saya tidak terdaftar sebagai Wajib Pajak di KPP Pratama Surabaya Gubeng karena menurut pengalaman saya, proses pelayanannya terlalu ribet dan tidak efisien. Banyak prosedur yang membingungkan dan kurang penjelasan dari petugas, sehingga saya memilih mendaftar di KPP lain yang lebih mudah diakses."
31/05/2025 4:32:21,Ya,Aldi Syahraf ,2,Saya tidak terdaftar sebagai Wajib Pajak di KPP Pratama Surabaya Gubeng karena prosedur pelayanannya terasa rumit dan memakan waktu lama. Hal tersebut membuat saya memilih kantor pajak lain yang prosesnya lebih sederhana dan cepat.
31/05/2025 4:34:03,Ya,Hartono,3,Saya tidak terdaftar sebagai Wajib Pajak di KPP Pratama Surabaya Gubeng karena proses administrasinya terlalu berbelit-belit dan kurang transparan. Kondisi ini membuat saya kurang nyaman untuk mengurus pajak di kantor tersebut.
31/05/2025 4:35:48,Ya,irham,1,"Pelayanan di KPP Pratama Surabaya Gubeng cenderung rumit dan kurang efisien, sehingga menyulitkan wajib pajak. Komunikasi dari petugas juga kurang jelas, membuat proses menjadi lebih membingungkan."
31/05/2025 4:37:18,Ya,Fajar,5,"Pelayanan di KPP Pratama Surabaya Gubeng sangat profesional dan cepat, membuat proses administrasi pajak menjadi mudah. Petugasnya ramah dan selalu siap membantu dengan penjelasan yang jelas."
31/05/2025 4:38:39,Ya,sartika anastasia,4,Pelayanan di KPP Pratama Surabaya Gubeng sangat memuaskan dengan staf yang sigap dan ramah. Prosesnya efisien sehingga wajib pajak merasa nyaman dan terbantu.
31/05/2025 7:29:44,Ya,Noer Asyura,5,"Saya sangat puas, petugasnya ramah dan membantu sekali"
31/05/2025 7:30:22,Ya,Hanum Larasati,4,"Lumayan sih, prosesnya cukup cepat walau antrinya agak lama. "
31/05/2025 7:31:46,Ya,Muhammad Zaki,3,"Biasa aja, nggak buruk tapi juga nggak terlalu istimewa"
31/05/2025 7:32:27,Tidak,Khalil Hawari,2,"Kurang memuaskan, saya sempat diarahkan ke loket yang salah"
31/05/2025 7:33:08,Tidak,Giffary Guntur,1,"Tidak puas, saya datang pagi tapi selesai hampir sore"
31/05/2025 7:34:06,Ya,Mohammed Yousef,5,"Pelayanannya sangat baik, semua jelas dan teratur"
31/05/2025 7:35:02,Tidak,Nadzar bin Abu Bakar,2,Saya agak kecewa karena harus bolak-balik cuma untuk satu urusan
31/05/2025 7:35:45,Ya,Syafeeyyah,4,"Sudah oke, tapi masih bisa ditingkatkan lagi terutama soal antrean"
31/05/2025 7:36:24,Ya,Andhika Hawa Lestari,3,"Menurut saya standar aja, nggak ada masalah besar. "
31/05/2025 7:37:25,Tidak,Taniya Aulia,2,Petugasnya kurang responsif waktu saya tanya-tanya. 
31/05/2025 7:39:40,Ya,Wahdaniyah,5,"Sangat puas, semuanya cepat dan tanpa ribet."
31/05/2025 7:40:52,Ya,Fattiha Maulida,4,"Pelayanannya cukup baik, tapi tempat tunggunya sempit. "
31/05/2025 7:41:57,Tidak,Fanola Tyas,2,"Saya merasa kurang nyaman, terlalu lama menunggu giliran"
31/05/2025 7:43:56,Tidak,Indah Mawaddah,1,"Tidak puas, saya datang pagi tapi selesai hampir sore"
31/05/2025 7:44:24,Ya,Jauhari,5,"Bagus kok, saya dilayani dengan sopan dan cepat"
31/05/2025 7:45:14,Ya,Sulastri,3,Saya agak bingung karena informasi di papan petunjuk kurang jelas
31/05/2025 7:45:55,Ya,Mulyono,5,"Senang bisa dibantu dengan ramah, jadi urusan pajak selesai tanpa stres"
31/05/2025 7:46:29,Tidak,Adam Toha,2,"Rasanya terlalu birokratis, padahal urusannya sederhana"
31/05/2025 7:47:14,Ya,Aliza Yueva,4,"Overall memuaskan, meskipun tadi sistem sempat error"
31/05/2025 7:47:39,Tidak,Johar,1,"Saya tidak puas, petugasnya terkesan cuek. "
31/05/2025 7:48:11,Ya,Safitri Ekawati,5,"Saya bersyukur dilayani dengan cepat, terima kasih"
31/05/2025 8:49:03,Tidak,Safira,4,"Prosesnya lancar, cuma tadi sistemnya sempat offline sebentar."
31/05/2025 8:49:47,Tidak,Sarafina Dyna,4,"Petugasnya ramah dan informatif, cuma tempat parkirnya susah."
31/05/2025 8:50:57,Tidak,M. Hasan,4,"Sudah cukup baik, walau antrean online masih agak membingungkan."
31/05/2025 8:51:12,Tidak,Pradana,4,"Saya puas, tapi menurut saya ruang tunggunya perlu diperbaiki."
31/05/2025 8:51:50,Tidak,Galih Maulana,4,"Pelayanannya cepat, tapi tidak semua loket aktif jadi agak nunggu."
31/05/2025 8:52:32,Tidak,Irawan,3,"Ya lumayan lah, nggak cepat banget tapi juga nggak lama."
31/05/2025 8:53:08,Tidak,Hendro Yana,3,"Standar saja, pengalaman biasa, nggak ada yang terlalu menonjol."
31/05/2025 8:53:38,Tidak,M. Ghaffur,3,"Tidak buruk, tapi masih banyak hal kecil yang bisa dibenahi."
31/05/2025 8:54:06,Tidak,Waluyo,4,"Saya merasa netral, semua berjalan sesuai prosedur tapi belum terasa efisien."
31/05/2025 10:40:10,Tidak,Naila Fitriyyani ,3,"Saya sangat apresiasi pelayanan di KPP Pratama Surabaya Gubeng! Petugasnya ramah, sabar, dan benar-benar membantu menjelaskan prosedur dengan detail. Walaupun antrian cukup panjang, mereka tetap menjaga kerapian dan memastikan semua pertanyaan wajib pajak terjawab. Suasana ruang tunggunya juga nyaman, ada tempat duduk yang cukup dan informasi pajak yang jelas terpampang di dinding."
31/05/2025 10:45:13,Tidak,Kirana aidha,4,"Sejak ada layanan antrian online, prosesnya jadi jauh lebih efisien. Saya bisa booking nomor antrian dari rumah dan datang sesuai jadwal, jadi tidak perlu mengantri terlalu lama. KPP Gubeng juga menyediakan layanan digital seperti e-filing dan e-billing yang memudahkan wajib pajak. Benar-benar mengurangi waktu tunggu dan membuat segalanya lebih terorganisir."
31/05/2025 10:50:33,Tidak,Marsha Ruela,5,"KPP ini benar-benar memikirkan kenyamanan wajib pajak. Ada banyak loket pelayanan, toilet bersih, bahkan area khusus lansia dan disabilitas. Saya juga suka dengan adanya tempat isi ulang air minum gratis dan ruang tunggu ber-AC yang nyaman. Petugas security-nya juga sigap membantu pengunjung yang kebingungan. Sungguh pelayanan yang manusiawi"
31/05/2025 10:55:08,Tidak,Jasmine kayla,5,"Pernah suatu kali ada kendala teknis saat mengurus SPT, tapi petugas di KPP Gubeng langsung menangani dengan cepat dan memberikan solusi alternatif. Mereka bahkan memberikan nomor kontak khusus untuk follow-up. Saya terkesan dengan komitmen mereka dalam menyelesaikan masalah tanpa berbelit-belit. Pelayanan seperti ini yang bikin wajib pajak merasa dihargai"
31/05/2025 11:00:18,Tidak,Keenam putra ,5,"Selain pelayanan administrasi, KPP Gubeng juga aktif memberikan sosialisasi dan bimbingan teknis terkait perpajakan. Saya pernah ikut seminar gratis mereka tentang tax planning, dan materinya sangat bermanfaat. Petugasnya tidak hanya melayani, tapi juga edukatif—siap menjelaskan regulasi terbaru dengan bahasa yang mudah dimengerti. Ini sangat membantu bagi UMKM seperti saya.""*"
31/05/2025 11:05:07,Tidak,Suci kirani,4,"Walaupun ramai, layanan khusus seperti restitusi pajak atau konsultasi intensif ditangani dengan cepat. Saya pernah mengajukan permohonan percepatan dan benar-benar diproses dalam waktu singkat. Tim di KPP Gubeng paham betul urgensi kebutuhan wajib pajak dan bekerja dengan efisien. Bahkan, mereka kadang memberi reminder via email/SMS untuk dokumen yang kurang. Very impressive!"
31/05/2025 11:11:39,Tidak,Cahya dwi,5,"Pengalaman ibu saya yang sudah berusia 67 tahun dalam mengurus SPT di KPP Gubeng sungguh menyentuh hati. Sejak dari pintu masuk, petugas security langsung mempersilakan beliau untuk menggunakan antrian prioritas. Petugas di loket dengan sabar mendampingi proses pengisian formulir, menjelaskan setiap kolom dengan bahasa yang sederhana dan tidak terburu-buru. Ketika ada beberapa dokumen yang kurang, mereka tidak memarahi tetapi malah membantu mencetak dokumen yang diperlukan di tempat. Yang paling berkesan, ketika ibu saya kebingungan memahami beberapa istilah teknis, seorang petugas dengan sukarela menemani ke ruang tunggu dan menjelaskan dengan analogi kehidupan sehari-hari sampai ibu saya benar-benar paham. Pelayanan yang begitu humanis ini membuat ibu saya yang awalnya takut berurusan dengan pajak, sekarang justru merasa nyaman dan dihargai sebagai wajib pajak senior."
31/05/2025 11:36:40,Ya,Jonathan Rafael,4,KPP Pratama Surabaya sudah melakukan upaya untuk meningkatkan kualitas 
31/05/2025 11:41:57,Ya,Febrian Maulana,5,Puas terhadap pelayanan yang diberikan oleh KPP Pratama Surabaya Gubeng
31/05/2025 11:46:21,Ya,Diaz Rochman,4,"Progres pekerjaan di KPP Pratama Surabaya Gubeng sangat cepat, sehingga tidak membuang-buang waktu saya"
31/05/2025 11:51:21,Ya,Maharni Dewi,3,KPP Pratama Surabaya sedikit lambat dalam melayani pertanyaan customer
31/05/2025 11:58:20,Ya,Yosshi Karina,4,"Suasana kantor KPP Pratama Surabaya Gubeng sangat nyaman, sehingga membuat customer menunggu dengan nyaman"
31/05/2025 12:03:14,Ya,Syafa Nur,5,"Secara keseluruhan saya puas terhadap pelayanan, kecepatan pekerjaan, serta suasana tempat menunggu yang nyaman"
31/05/2025 12:07:38,Ya,Ferisha Emilya ,1,"Petugasnya terkesan tidak ramah dan kurang membantu, bikin tambah bingung"
31/05/2025 12:07:58,Ya,Rinata Agustina ,3,"Pelayanan cukup oke, tapi masih bisa ditingkatkan terutama soal kecepatan"
31/05/2025 12:08:18,Ya,Jeovanna Athalia ,4,Proses pengurusan pajak lumayan cepat dan rapi.
31/05/2025 12:09:31,Ya,Aulia Vizel,4,"KPP Pratama Surabaya Gubeng sangat ahli dalam melayani kebutuhan customer, langsung di kerjakan dengan cepat, tingkatkan terus kualitas pelayanannya "
31/05/2025 12:11:45,Tidak,Chantiqa Felizya ,4,"Petugasnya cukup ramah dan membantu, penjelasannya juga jelas."
31/05/2025 12:20:22,Tidak,Silvia Irma ,5,"Pelayanannya cepat, ramah, dan sangat membantu dari awal sampai selesai."
31/05/2025 12:22:56,Ya,Java Alvian ,5,"Antreannya tertib dan nggak makan waktu lama, sangat efisien."
31/05/2025 12:23:22,Ya,Rafie Pratama ,5,"Petugasnya sangat profesional dan sabar, bikin nyaman ngurus pajak"
31/05/2025 12:23:52,Ya,Fernanda Yasril ,4,Tempatnya bersih dan pelayanan cukup tertib.
31/05/2025 12:24:08,Ya,Ardena Fajar ,3,Prosesnya berjalan lancar meski agak lambat.
31/05/2025 12:24:29,Ya,Ujang Ari,2,"Waktu tunggunya cukup lama, padahal antrean tidak terlalu banyak."
31/05/2025 12:26:22,Tidak,Aska Maulana ,4,"Saya sebenarnya bukan Wajib Pajak yang terdaftar di KPP Pratama Surabaya Gubeng, namun beberapa waktu lalu saya mengantar orang tua mengurus administrasi di sana. Meskipun saya hanya mendampingi, saya merasa pelayanan publik yang diberikan cukup memuaskan"
31/05/2025 12:26:28,Tidak,Robi Pratama,1,"Antriannya lama banget, padahal datang pagi. Sistemnya nggak efisien."
31/05/2025 12:26:54,Ya,Jihan Almira ,3,"Petugasnya informatif, meski beberapa masih kaku dan kurang ramah."
31/05/2025 12:27:48,Tidak,Nova Eliza ,4,"Sudah jauh lebih baik dibanding beberapa tahun lalu, lebih profesional."
31/05/2025 12:28:28,Tidak,Candy Elzira,5,Layanan di sini bikin kesan bahwa urusan pajak itu nggak harus ribet.
31/05/2025 12:28:41,Tidak,Zenita Alma ,5,"Sangat puas! Semua proses dijelaskan dengan jelas, nggak ada yang membingungkan."
31/05/2025 12:30:18,Ya,Arya Mubarak ,4,"Meskipun saya bukan terdaftar di KPP Pratama Surabaya Gubeng, saya pernah datang untuk menanyakan soal perpajakan usaha keluarga. Petugasnya tetap melayani dengan sopan dan tidak membeda-bedakan. Saya sangat menghargai sikap profesional seperti ini karena bisa membuat masyarakat merasa nyaman dan terbantu, meskipun tidak tercatat sebagai Wajib pajak di sana"
31/05/2025 12:30:40,Tidak,Jenny Agustina ,2,Kesannya kurang sigap saat menangani pertanyaan yang sedikit teknis.
31/05/2025 12:30:55,Tidak,Gading Kinanthi ,3,"Masih standar pelayanan publik, belum bisa dibilang istimewa."
31/05/2025 12:31:08,Tidak,Selena Willa ,3,"Sistem informasi di loket sudah oke, cuma kurang jelas untuk pemula."
31/05/2025 12:31:47,Tidak,Nailla Lazuarda ,4,"Sistem informasi di loket sudah oke, cuma kurang jelas untuk pemula."
31/05/2025 12:32:04,Tidak,Diva Pravita ,5,"Pernah konsultasi pajak langsung, dibantu dengan sangat detail dan ramah"
31/05/2025 13:09:31,Tidak,Yusuf Kirana ,5,"Saya pernah mengikuti sosialisasi perpajakan yang diadakan oleh KPP Pratama Surabaya Gubeng di kampus. Walau saya bukan WP yang terdaftar di sana, saya merasa kegiatan tersebut sangat bermanfaat"
31/05/2025 13:36:19,Ya,Karina Mega,4,Ruang tunggu yang nyaman dan petugas sangat ramah
31/05/2025 13:36:32,Tidak,Samuel Rando,5,Pelayanan sangat cepat dan efisien
31/05/2025 13:36:45,Tidak,Will Hartanto,3,"Meskipun ramai, petugas tetap sabar dan ramah"
31/05/2025 13:37:01,Ya,Dion Kusuma,4,Petugasnya profesional dan mau bantu jelaskan prosedur benar 
31/05/2025 13:38:04,Ya,Tiana Sandi,3,Petugas siap mengarahkan kalau kita kebingungan
31/05/2025 13:47:49,Tidak,Wahyu Hidayat ,4,"Saya sempat menghubungi KPP Pratama Surabaya Gubeng melalui telepon untuk bertanya soal pelaporan SPT Tahunan. Walaupun saya bukan WP yang terdaftar di sana, petugas tetap menjawab dengan baik. Namun, saya rasa sistem pelayanan lewat telepon atau online masih bisa lebih ditingkatkan agar tidak terlalu lama menunggu"
31/05/2025 13:49:50,Ya,Amelia Syahri,5,"Saya tetap dilayani dengan baik, padahal sudah mau jam tutup"
31/05/2025 13:49:56,Tidak,Dita Alivia,4,"Saya datang untuk konsultasi, tapi dilayani dengan sopan dan serius"
31/05/2025 13:51:09,Tidak,Reno Maulana,4,Langkah-langkah pendaftaran NPWP saya dijelaskan dengan rinci oleh petugas
31/05/2025 13:51:11,Tidak,Erika Nadya,3,Layanan yang lengkap dan bisa langsung dibantu dengan cepat
31/05/2025 13:51:47,Ya,Gisel Selvia,5,Petugas yang infomatif dan siap menjelaskan prosedur
31/05/2025 13:54:15,Tidak,Ahmad Ashraf ,4,"Saya pribadi bukan wajib pajak di sana, tapi saya cukup terkesan dengan sistem antrean yang teratur dan informasi yang tersedia cukup jelas. Pelayanan seperti ini menurut saya patut diapresiasi karena mencerminkan pelayanan publik yang terbuka dan ramah"
31/05/2025 14:03:30,Tidak,Ayu Pratiwi ,5,"Saya bukan WP KPP Gubeng, tapi sistem antreannya rapi dan suasana kantornya cukup nyaman dan pelayanannya terlihat cepat dan petugasnya informatif"
31/05/2025 14:10:52,Tidak,Fira Maharani ,4,"Pernah konsultasi meski bukan wajib pajak terdaftar, tetap dilayani dengan ramah dan jelas dan Pernah datang untuk tanya soal SPT, petugasnya sabar dan menjelaskan dengan baik"
31/05/2025 15:17:17,Tidak,Anastasia,4,Pelayanannya baik dan pegawai menjelaskan dengan baik pada saya
31/05/2025 15:23:50,Tidak,Malik ahmad,4,Pelayanan di KPP Pratama Surabaya Gubeng sangat ramah dan profesional. Petugas pajak yang bertugas sangat membantu dan memberikan informasi yang jelas dan akurat tentang prosedur pajak.
31/05/2025 15:25:51,Tidak,dewi ratna,5,Proses pelayanan di KPP Pratama Surabaya Gubeng sangat cepat dan efisien. Wajib pajak dapat dengan mudah mengurus pajak mereka tanpa harus menunggu terlalu lama.
31/05/2025 15:27:45,Tidak,vanessa angel,4,"KPP Pratama Surabaya Gubeng telah menerapkan sistem online yang maju untuk memudahkan wajib pajak dalam mengurus pajak. Sistem ini memungkinkan wajib pajak untuk membuat dan melaporkan pajak secara online, sehingga lebih efisien dan efektif."
31/05/2025 15:28:47,Tidak,gilang fauzi,5,KPP Pratama Surabaya Gubeng memberikan informasi yang jelas dan akurat tentang prosedur pajak dan kebijakan pajak. Wajib pajak dapat dengan mudah memahami informasi yang diberikan dan mengurus pajak mereka dengan benar.
31/05/2025 15:29:14,Tidak,mayang aura,5,KPP Pratama Surabaya Gubeng memiliki fasilitas yang nyaman dan memadai untuk wajib pajak. Ruang tunggu yang nyaman dan fasilitas lainnya membuat wajib pajak merasa nyaman saat mengurus pajak.
31/05/2025 15:29:39,Tidak,kamelia nisa,5,Komunikasi antara petugas pajak dan wajib pajak sangat baik. Petugas pajak sangat responsif dan membantu dalam menjawab pertanyaan dan masalah yang dihadapi oleh wajib pajak.
31/05/2025 15:30:06,Tidak,ahmad sariffudin,5,"KPP Pratama Surabaya Gubeng bekerja sama dengan aplikasi pajak seperti Mekari Klikpajak, yang membantu wajib pajak dalam mengelola pajak secara online dan terintegrasi. Aplikasi ini juga menyediakan fitur-fitur seperti e-faktur, e-billing, dan e-filing, sehingga memudahkan wajib pajak dalam mengurus pajak."
31/05/2025 15:33:58,Ya,Nayana putri ,4,"Pelayanan yang saya terima di KPP Pratama Surabaya Gubeng terasa kurang memuaskan, terutama dari segi kejelasan informasi dan sikap petugas.
Saat saya datang untuk menanyakan proses pelaporan SPT tahunan, saya mendapatkan jawaban yang kurang konsisten dari beberapa petugas. Ada perbedaan informasi yang membuat saya kebingungan dan harus berpindah-pindah meja hanya untuk mencari tahu prosedur yang benar. Hal ini tentu saja membuang waktu dan membuat pengalaman saya menjadi kurang menyenangkan. Saya berharap ke depannya petugas dapat memberikan informasi yang lebih seragam dan jelas."
31/05/2025 15:36:12,Tidak,Muhammad Ali,4,Pembayaran di KKP Pratama Surabaya Gubeng di.proses dengan cepat meski saya bukan terdaftar disana
31/05/2025 15:39:43,Ya,Kanaya melati ,5,"Saya merasa waktu tunggu yang saya alami tidak sebanding dengan kualitas pelayanan yang diberikan.
Ketika saya datang ke kantor pajak, saya sudah mengambil nomor antrean dan menunggu dengan sabar. Namun, setelah menunggu lebih dari satu jam, saya belum juga dipanggil, padahal antrean tampak tidak terlalu panjang. Tidak ada pemberitahuan atau permintaan maaf atas keterlambatan tersebut. Menurut saya, manajemen antrean masih bisa diperbaiki agar lebih efisien dan transparan.
"
31/05/2025 15:41:36,Tidak,Siti Aisyah,5,pelayanan di KPP Pratama Surabaya Gubeng cukup baik dan terus menunjukkan perbaikan dari waktu ke waktu.
31/05/2025 15:45:20,Ya,Hanif Alaydrus ,5,"Sikap beberapa petugas cenderung kurang ramah dan terkesan tidak sabar dalam melayani wajib pajak.
Sebagai warga negara yang ingin taat pajak, saya berharap bisa mendapatkan bimbingan dengan baik. Namun, ketika saya bertanya tentang suatu hal yang tidak saya pahami, saya justru mendapat respon yang tidak menyenangkan dari petugas. Nada bicaranya cenderung tinggi dan tidak menunjukkan empati. Ini tentu sangat mengecewakan, karena pelayanan publik seharusnya dilakukan dengan sikap profesional dan bersahabat.
"
31/05/2025 15:47:32,Tidak,Danang Haryanto,4,"Petugas di bagian pelayanan, baik yang menangani langsung wajib pajak maupun yang bertugas di bagian informasi, bersikap ramah dan membantu."
31/05/2025 15:49:23,Ya,Bayu Permana Putra ,4,"Fasilitas kantor belum mendukung kenyamanan bagi wajib pajak yang datang secara langsung.
Saat saya berkunjung, ruang tunggu terasa sangat sempit dan penuh sesak, terlebih saat jam sibuk. Tidak semua kursi tersedia dan AC tampaknya tidak berfungsi maksimal, membuat suasana menjadi panas dan tidak nyaman. Saya kira, perbaikan fasilitas dan pengaturan ruang tunggu yang lebih baik akan sangat membantu menciptakan lingkungan pelayanan yang lebih kondusif."
31/05/2025 15:52:23,Tidak,Maya Aulia Sari,5,"Petugas menjelaskan prosedur secara jelas, serta memberikan arahan yang memudahkan wajib pajak untuk memenuhi kewajibannya."
31/05/2025 15:58:04,Tidak,Gracia Auliya,2,"Dari sisi fasilitas, ruang pelayanan di KPP Pratama Surabaya Gubeng cukup tertata dengan baik, bersih, dan dilengkapi dengan sistem antrean elektronik yang cukup efisien."
31/05/2025 16:05:26,Tidak,Kayana Mautia,4,"Meskipun sebagian besar petugas sudah memahami prosedur dengan baik, ada kalanya informasi yang disampaikan oleh satu petugas tidak konsisten dengan petugas lainnya, sehingga menimbulkan kebingungan bagi wajib pajak."
31/05/2025 16:21:50,Ya,Harris Adzriel,4,"pelayanannya sangat ramah, penjelasan tentang pajak juga sangat membantu dan mudah dipahami orang yang tidak terlalu mengerti "
31/05/2025 16:56:21,Ya,Yemima Bachtiar,4,"Saya cukup puas dengan pelayanan yang diberikan, meskipun sempat menunggu agak lama, tetapi petugas tetap ramah dan profesional dalam menangani pertanyaan saya"
31/05/2025 17:01:25,Ya,Ahmad Fauzi,4,"Saya sudah beberapa kali datang ke KPP Gubeng dan sejauh ini selalu mendapatkan pelayanan yang konsisten, cepat, dan tanpa hambatan berarti"
31/05/2025 17:07:21,Ya,Gilang Dirga,5,"Petugas front office sangat sigap dalam menangani keluhan. Saya sempat mengalami kendala pelaporan, dan langsung dibantu hingga selesai"
31/05/2025 17:12:24,Ya,Rizki Biananda,4,"KPP Gubeng memberikan kesan yang profesional. Proses pelayanan berlangsung cepat, dan tidak perlu bolak-balik karena informasi awal sudah lengkap"
31/05/2025 17:12:55,Ya,Helena Agatha ,5,"Menurut saya, pelayanan di kantor pajak saat ini sudah jauh lebih baik dibandingkan beberapa tahun lalu. Petugasnya ramah, antrean lebih teratur,"
31/05/2025 17:17:49,Ya,Rudi Hartanto,4,"Saya harap ke depan ada pengembangan layanan digital yang lebih user-friendly, agar wajib pajak seperti saya tidak harus datang langsung ke kantor"
31/05/2025 17:19:25,Ya,Zahra Kinara,4,"Saya merasa pelayanan di kantor pajak sangat baik. Petugasnya ramah dan profesional, serta siap membantu jika ada kesulitan dalam proses pelaporan atau pembayaran pajak. Prosedur yang dulunya rumit sekarang jadi lebih mudah berkat sistem online dan bantuan langsung dari petugas"
31/05/2025 17:22:47,Ya,Ahmad Fauzi,4,Saya sangat terbantu dengan adanya layanan edukasi pajak bagi UMKM. Petugasnya memberikan informasi yang praktis dan mudah dipahami
31/05/2025 17:27:18,Ya,Dewi Sartika,5,"Saya cukup terkesan karena saat datang tanpa janji pun, saya tetap dilayani dengan cepat dan sopan. Hal ini jarang saya temui di kantor pelayanan lain"
31/05/2025 17:29:31,Ya,Alya Agustina ,5,"Mereka mampu menjawab pertanyaan dengan cukup jelas, baik melalui layanan langsung di loket maupun secara daring (online)."
31/05/2025 17:35:44,Ya,Amira Setiawan ,5,kantor ini juga ada kegiatan mengedukasi masyarakat tentang perpajakan
31/05/2025 17:42:05,Ya,Pramudya Dipta   ,5,antrian di loket teroganisir dengan baik sehingga tidak bete menunggu 
31/05/2025 17:49:03,Ya,Revan Pratama ,5,"ramah dan karyawannya mampu menjawab pertanyaan saya tentang pajak, npwp dll dengan singkat dan jelas "
31/05/2025 17:49:43,Ya,Nayara Safitri ,4,"Prosedur pelayanan terlalu panjang dan kurang terintegrasi.
Dalam proses permohonan NPWP Badan, saya harus melalui berbagai tahapan yang menurut saya masih terlalu berbelit-belit. Saya diminta untuk kembali beberapa kali karena dokumen dianggap belum lengkap, padahal tidak ada informasi sebelumnya mengenai kelengkapan tersebut. Jika informasi yang dibutuhkan bisa disampaikan secara rinci sejak awal, tentu prosesnya bisa jauh lebih efisien.
"
01/06/2025 13:52:50,Tidak,Eky Fernanda Setyawan Putra,5,"fasilitas memadai, layanan cepat dan ramah"