Username,Date,Rating,Review
Adinda Aenun ,30/05/2025,4,"Pelayanan di KPP Pratama Surabaya Gubeng sangat memuaskan. Petugasnya ramah, cepat tanggap, dan selalu siap membantu. Setiap kali saya datang untuk mengurus kewajiban perpajakan, prosesnya selalu berjalan lancar dan tidak memakan waktu lama. Ruang layanan juga tertata rapi dan nyaman, sehingga membuat pengalaman saya sebagai wajib pajak menjadi menyenangkan."
cia aulia,30/05/2025,5,Pelayanan di KPP Pratama Surabaya Gubeng sangat ramah dan informatif. Petugasnya cepat tanggap dan membantu menjelaskan proses pelaporan pajak dengan jelas.
Riska Saputri ,30/05/2025,5,"Saya sangat mengapresiasi pelayanan yang diberikan oleh KPP Pratama Surabaya Gubeng. Petugasnya profesional dan sabar dalam menjelaskan hal-hal yang belum saya pahami terkait kewajiban pajak. Selain itu, sistem antrean yang teratur dan suasana kantor yang kondusif membuat saya merasa nyaman dan dihargai sebagai wajib pajak. Semoga kualitas pelayanan seperti ini terus dipertahankan."
grace mega,30/05/2025,5,Saya merasa puas dengan pelayanan di KPP Pratama Surabaya Gubeng. Antrian teratur dan prosesnya tidak memakan waktu lama.
ramadhan saputra,30/05/2025,4,Stafnya profesional dan sabar dalam menjawab pertanyaan saya. Lokasinya juga nyaman dan mudah dijangkau.
Ananda Kurniawan ,30/05/2025,5,"Sebagai wajib pajak yang terdaftar di KPP Pratama Surabaya Gubeng, saya merasa terbantu dengan layanan yang diberikan. Informasi yang saya butuhkan mudah diakses, baik melalui petugas langsung maupun kanal digital yang disediakan. Saya juga melihat adanya perbaikan dari waktu ke waktu, yang menunjukkan bahwa KPP Gubeng berkomitmen untuk memberikan pelayanan yang terbaik bagi masyarakat."
gugun gunawan,30/05/2025,5,"Awalnya saya bingung soal e-filing, tapi petugas di KPP Pratama Gubeng menjelaskan dengan sabar. Pelayanan yang sangat membantu masyarakat."
Very Firmansyah ,30/05/2025,5,"Proses administrasi yang biasanya rumit menjadi lebih mudah karena adanya panduan yang jelas dan bantuan dari petugas. Saya pernah mengalami kendala dalam pelaporan pajak, namun segera dibantu dengan cepat dan profesional. Saya merasa sangat dihargai dan didukung sebagai warga negara yang patuh pajak."
arie ilham,30/05/2025,3,"Cukup memuaskan, hanya saja waktu tunggunya kadang agak lama di jam-jam sibuk. Tapi secara keseluruhan pelayanannya baik."
neng sari,30/05/2025,4,Saya mengurus NPWP baru dan semua prosesnya berjalan lancar. Petugasnya responsif dan ramah.
Fazril Ardiansyah ,30/05/2025,4,"Pelayanan yang cepat, ramah, dan efisien membuat saya tidak ragu untuk datang langsung jika membutuhkan bantuan. Petugas tidak hanya melayani dengan sopan, tetapi juga memberikan edukasi yang bermanfaat tentang kewajiban perpajakan. Ini sangat membantu terutama bagi wajib pajak pribadi seperti saya."
sarah azizah,30/05/2025,5,KPP Pratama Surabaya Gubeng memberikan pelayanan publik yang efisien. Sangat membantu wajib pajak yang baru pertama kali mengurus administrasi.
Ahmad Ridho ,30/05/2025,4,"Saya sangat puas dengan pelayanan yang diberikan oleh KPP Pratama Surabaya Gubeng. Setiap kali saya mengurus keperluan pajak, saya selalu mendapat sambutan yang ramah dan bantuan yang jelas dari petugas. Hal ini membuat proses yang awalnya terasa rumit menjadi lebih mudah dipahami dan dijalani. Menurut saya, pelayanan seperti ini mencerminkan kualitas dan komitmen yang tinggi terhadap publik."
Dena Anggela,30/05/2025,4,"Pelayanan di KPP Pratama Surabaya Gubeng sangat membantu dan memuaskan. Petugasnya responsif dan tidak segan memberikan penjelasan secara detail. Saya juga menyukai sistem digital yang semakin berkembang, seperti e-registration dan pelaporan online, yang semakin memudahkan wajib pajak. Terima kasih kepada seluruh staf KPP Gubeng atas dedikasi dan pelayanannya yang luar biasa."
Asya Mutiara Dewi,30/05/2025,4,"Saya pernah ikut menemani salah satu anggota keluarga yang mengurus administrasi di KPP Pratama Surabaya Gubeng. Meskipun saya bukan wajib pajak yang terdaftar di sana, saya tetap merasa diperhatikan sebagai pengunjung. Petugas memberikan pelayanan yang ramah, dan bahkan saat saya menanyakan beberapa hal terkait informasi umum perpajakan, mereka tetap menjawab dengan sopan dan jelas. Tempatnya juga tertata rapi dan cukup nyaman. Menurut saya, pelayanan seperti ini mencerminkan bahwa KPP tidak hanya fokus pada urusan administratif, tapi juga pada pengalaman masyarakat secara keseluruhan."
Aisyah Nurhofifah,30/05/2025,4,"Beberapa waktu lalu saya datang ke KPP Pratama Surabaya Gubeng hanya untuk mencari informasi terkait pelaporan pajak pribadi, walaupun saya sendiri bukan terdaftar di sana. Saya kira tidak akan dilayani karena status saya sebagai pengunjung umum, tapi ternyata petugas tetap melayani saya dengan ramah dan profesional. Mereka menjelaskan perbedaan antara KPP sesuai domisili dan bagaimana prosedur perpindahan jika dibutuhkan. Saya sangat mengapresiasi sikap keterbukaan ini karena bisa membangun kepercayaan masyarakat terhadap institusi pajak."
Agnita Kaila Wijaya,30/05/2025,5,"Saat itu saya hanya ikut teman saya yang mengurus SPT di KPP Pratama Surabaya Gubeng. Awalnya saya kira saya akan bosan menunggu, tapi ternyata suasana di dalam cukup nyaman dan tertib. Saya juga memperhatikan bagaimana petugas melayani wajib pajak lain dengan sabar dan tidak tergesa-gesa, meskipun antrean sedang panjang. Saya sempat bertanya sedikit soal NPWP untuk diri saya sendiri, dan respons petugas sangat informatif. Meski bukan ""pemilik urusan"", saya tetap merasa dihargai. Ini menurut saya menjadi nilai plus tersendiri."
Anastasya Wihardi,30/05/2025,4,"Saya pernah datang ke KPP Pratama Surabaya Gubeng karena saya mengira itu adalah KPP tempat saya terdaftar. Setelah dicek ternyata saya terdaftar di KPP lain. Walaupun begitu, petugas di sana tetap membantu saya mencocokkan data dan memberikan arahan ke mana saya harus pergi. Mereka juga tidak terkesan menyalahkan atau menyuruh saya pergi begitu saja, melainkan menjelaskan dengan jelas dan ramah. Bagi saya, pengalaman ini sangat berkesan karena saya tidak merasa dipersulit, walaupun saya bukan bagian dari wilayah mereka."
Kayah Rukoyah,30/05/2025,4,"Sebagai warga yang mulai tertarik memahami perpajakan, saya pernah datang langsung ke KPP Pratama Surabaya Gubeng untuk belajar langsung dari sumbernya. Saya menyampaikan bahwa saya bukan wajib pajak aktif di sana, tapi ingin memahami sistem perpajakan dasar. Saya terkejut karena sambutan yang saya terima sangat baik. Saya dipersilakan menunggu sebentar, lalu ditemui oleh petugas yang menjelaskan dasar-dasar perpajakan dan sistem pelaporannya. Meskipun bukan bagian dari mereka, saya tetap merasa dilayani. Ini menunjukkan komitmen KPP untuk memberikan edukasi pajak kepada siapa pun, bukan hanya yang terdaftar.
"
abila asikara,31/05/2025,4,"Pelayanan di KPP Pratama Surabaya Gubeng sangat baik, responsif, dan informatif. Mereka juga aktif mengedukasi masyarakat serta menyediakan berbagai saluran komunikasi untuk mempermudah layanan."
alissa srikandi,31/05/2025,5,"Pelayanan di KPP Pratama Surabaya Gubeng cukup memuaskan dengan petugas yang ramah dan sigap membantu. Proses administrasi berjalan tertib dan efisien, baik secara langsung maupun daring."
anandita sakira,31/05/2025,4,KPP Pratama Surabaya Gubeng memberikan layanan yang cepat dan profesional. Wajib pajak merasa terbantu dengan kemudahan akses informasi dan pendampingan yang diberikan.
arika sintari,31/05/2025,5,"Pelayanan di KPP Pratama Surabaya Gubeng tergolong baik, dengan staf yang komunikatif dan informatif. Sistem antrean dan alur layanan juga cukup tertata, memudahkan proses administrasi pajak."
Asila Abila,31/05/2025,5,Pelayanan di KPP Pratama Surabaya Gubeng dinilai ramah dan cepat oleh para wajib pajak. Fasilitas yang disediakan juga mendukung kenyamanan selama proses pelayanan.
Asla Karina,31/05/2025,5,Pelayanan di KPP Pratama Surabaya Gubeng tergolong responsif dan efisien. Petugasnya membantu dengan jelas dan sopan dalam setiap proses perpajakan.
cinta harsumi,31/05/2025,5,Pelayanan di KPP Pratama Surabaya Gubeng berjalan cukup baik dengan penanganan yang cepat. Pegawainya juga kooperatif dalam memberikan informasi yang dibutuhkan.
della karunia,31/05/2025,5,Pelayanan di KPP Pratama Surabaya Gubeng cukup memuaskan dengan alur yang jelas dan mudah diikuti. Petugasnya juga sigap dalam memberikan bantuan kepada wajib pajak.
devi nursari,31/05/2025,5,Pelayanan di KPP Pratama Surabaya Gubeng dinilai baik dan profesional. Wajib pajak merasa terbantu dengan penjelasan yang jelas dan layanan yang cepat.
ellina rantika,31/05/2025,5,Pelayanan di KPP Pratama Surabaya Gubeng berjalan lancar dengan staf yang cekatan dan ramah. Wajib pajak mendapatkan kemudahan dalam mengurus administrasi perpajakan.
emma laksmiaya,31/05/2025,1,"Saya bukan Wajib Pajak yang terdaftar di KPP Pratama Surabaya Gubeng karena domisili dan aktivitas usaha saya berada di wilayah yang menjadi cakupan KPP Pratama lain. Namun, saya menghargai upaya mereka dalam memberikan pelayanan yang profesional dan informatif bagi wajib pajak di wilayahnya."
fakhran akhyar,31/05/2025,2,Saya tidak terdaftar sebagai Wajib Pajak di KPP Pratama Surabaya Gubeng karena alamat tempat tinggal dan kantor saya berada di luar wilayah administrasi KPP tersebut.
leo sihombing,31/05/2025,3,Saya tidak terdaftar sebagai Wajib Pajak di KPP Pratama Surabaya Gubeng karena merasa pelayanan di sana kurang memuaskan dan sering mengalami kendala saat mengurus administrasi. Hal ini membuat saya memilih untuk mendaftar di KPP lain yang dianggap lebih responsif dan efisien.
raditya andika,31/05/2025,1,Saya tidak terdaftar sebagai Wajib Pajak di KPP Pratama Surabaya Gubeng karena pengalaman saya dengan pelayanan di sana kurang ramah dan kurang membantu. Sikap petugas yang kurang komunikatif membuat saya merasa kurang nyaman untuk mendaftar di kantor tersebut.
Aldo Syahrullah,31/05/2025,2,"Saya tidak terdaftar sebagai Wajib Pajak di KPP Pratama Surabaya Gubeng karena menurut pengalaman saya, proses pelayanannya terlalu ribet dan tidak efisien. Banyak prosedur yang membingungkan dan kurang penjelasan dari petugas, sehingga saya memilih mendaftar di KPP lain yang lebih mudah diakses."
Aldi Syahraf ,31/05/2025,2,Saya tidak terdaftar sebagai Wajib Pajak di KPP Pratama Surabaya Gubeng karena prosedur pelayanannya terasa rumit dan memakan waktu lama. Hal tersebut membuat saya memilih kantor pajak lain yang prosesnya lebih sederhana dan cepat.
Hartono,31/05/2025,3,Saya tidak terdaftar sebagai Wajib Pajak di KPP Pratama Surabaya Gubeng karena proses administrasinya terlalu berbelit-belit dan kurang transparan. Kondisi ini membuat saya kurang nyaman untuk mengurus pajak di kantor tersebut.
irham,31/05/2025,1,"Pelayanan di KPP Pratama Surabaya Gubeng cenderung rumit dan kurang efisien, sehingga menyulitkan wajib pajak. Komunikasi dari petugas juga kurang jelas, membuat proses menjadi lebih membingungkan."
Fajar,31/05/2025,5,"Pelayanan di KPP Pratama Surabaya Gubeng sangat profesional dan cepat, membuat proses administrasi pajak menjadi mudah. Petugasnya ramah dan selalu siap membantu dengan penjelasan yang jelas."
sartika anastasia,31/05/2025,4,Pelayanan di KPP Pratama Surabaya Gubeng sangat memuaskan dengan staf yang sigap dan ramah. Prosesnya efisien sehingga wajib pajak merasa nyaman dan terbantu.
Noer Asyura,31/05/2025,5,"Saya sangat puas, petugasnya ramah dan membantu sekali"
Hanum Larasati,31/05/2025,4,"Lumayan sih, prosesnya cukup cepat walau antrinya agak lama. "
Muhammad Zaki,31/05/2025,3,"Biasa aja, nggak buruk tapi juga nggak terlalu istimewa"
Khalil Hawari,31/05/2025,2,"Kurang memuaskan, saya sempat diarahkan ke loket yang salah"
Giffary Guntur,31/05/2025,1,"Tidak puas, saya datang pagi tapi selesai hampir sore"
Mohammed Yousef,31/05/2025,5,"Pelayanannya sangat baik, semua jelas dan teratur"
Nadzar bin Abu Bakar,31/05/2025,2,Saya agak kecewa karena harus bolak-balik cuma untuk satu urusan
Syafeeyyah,31/05/2025,4,"Sudah oke, tapi masih bisa ditingkatkan lagi terutama soal antrean"
Andhika Hawa Lestari,31/05/2025,3,"Menurut saya standar aja, nggak ada masalah besar. "
Taniya Aulia,31/05/2025,2,Petugasnya kurang responsif waktu saya tanya-tanya. 
Wahdaniyah,31/05/2025,5,"Sangat puas, semuanya cepat dan tanpa ribet."
Fattiha Maulida,31/05/2025,4,"Pelayanannya cukup baik, tapi tempat tunggunya sempit. "
Fanola Tyas,31/05/2025,2,"Saya merasa kurang nyaman, terlalu lama menunggu giliran"
Indah Mawaddah,31/05/2025,1,"Tidak puas, saya datang pagi tapi selesai hampir sore"
Jauhari,31/05/2025,5,"Bagus kok, saya dilayani dengan sopan dan cepat"
Sulastri,31/05/2025,3,Saya agak bingung karena informasi di papan petunjuk kurang jelas
Mulyono,31/05/2025,5,"Senang bisa dibantu dengan ramah, jadi urusan pajak selesai tanpa stres"
Adam Toha,31/05/2025,2,"Rasanya terlalu birokratis, padahal urusannya sederhana"
Aliza Yueva,31/05/2025,4,"Overall memuaskan, meskipun tadi sistem sempat error"
Johar,31/05/2025,1,"Saya tidak puas, petugasnya terkesan cuek. "
Safitri Ekawati,31/05/2025,5,"Saya bersyukur dilayani dengan cepat, terima kasih"
Safira,31/05/2025,4,"Prosesnya lancar, cuma tadi sistemnya sempat offline sebentar."
Sarafina Dyna,31/05/2025,4,"Petugasnya ramah dan informatif, cuma tempat parkirnya susah."
M. Hasan,31/05/2025,4,"Sudah cukup baik, walau antrean online masih agak membingungkan."
Pradana,31/05/2025,4,"Saya puas, tapi menurut saya ruang tunggunya perlu diperbaiki."
Galih Maulana,31/05/2025,4,"Pelayanannya cepat, tapi tidak semua loket aktif jadi agak nunggu."
Irawan,31/05/2025,3,"Ya lumayan lah, nggak cepat banget tapi juga nggak lama."
Hendro Yana,31/05/2025,3,"Standar saja, pengalaman biasa, nggak ada yang terlalu menonjol."
M. Ghaffur,31/05/2025,3,"Tidak buruk, tapi masih banyak hal kecil yang bisa dibenahi."
Waluyo,31/05/2025,4,"Saya merasa netral, semua berjalan sesuai prosedur tapi belum terasa efisien."
Naila Fitriyyani ,31/05/2025,3,"Saya sangat apresiasi pelayanan di KPP Pratama Surabaya Gubeng! Petugasnya ramah, sabar, dan benar-benar membantu menjelaskan prosedur dengan detail. Walaupun antrian cukup panjang, mereka tetap menjaga kerapian dan memastikan semua pertanyaan wajib pajak terjawab. Suasana ruang tunggunya juga nyaman, ada tempat duduk yang cukup dan informasi pajak yang jelas terpampang di dinding."
Kirana aidha,31/05/2025,4,"Sejak ada layanan antrian online, prosesnya jadi jauh lebih efisien. Saya bisa booking nomor antrian dari rumah dan datang sesuai jadwal, jadi tidak perlu mengantri terlalu lama. KPP Gubeng juga menyediakan layanan digital seperti e-filing dan e-billing yang memudahkan wajib pajak. Benar-benar mengurangi waktu tunggu dan membuat segalanya lebih terorganisir."
Marsha Ruela,31/05/2025,5,"KPP ini benar-benar memikirkan kenyamanan wajib pajak. Ada banyak loket pelayanan, toilet bersih, bahkan area khusus lansia dan disabilitas. Saya juga suka dengan adanya tempat isi ulang air minum gratis dan ruang tunggu ber-AC yang nyaman. Petugas security-nya juga sigap membantu pengunjung yang kebingungan. Sungguh pelayanan yang manusiawi"
Jasmine kayla,31/05/2025,5,"Pernah suatu kali ada kendala teknis saat mengurus SPT, tapi petugas di KPP Gubeng langsung menangani dengan cepat dan memberikan solusi alternatif. Mereka bahkan memberikan nomor kontak khusus untuk follow-up. Saya terkesan dengan komitmen mereka dalam menyelesaikan masalah tanpa berbelit-belit. Pelayanan seperti ini yang bikin wajib pajak merasa dihargai"
Keenam putra ,31/05/2025,5,"Selain pelayanan administrasi, KPP Gubeng juga aktif memberikan sosialisasi dan bimbingan teknis terkait perpajakan. Saya pernah ikut seminar gratis mereka tentang tax planning, dan materinya sangat bermanfaat. Petugasnya tidak hanya melayani, tapi juga edukatif—siap menjelaskan regulasi terbaru dengan bahasa yang mudah dimengerti. Ini sangat membantu bagi UMKM seperti saya.""*"
Suci kirani,31/05/2025,4,"Walaupun ramai, layanan khusus seperti restitusi pajak atau konsultasi intensif ditangani dengan cepat. Saya pernah mengajukan permohonan percepatan dan benar-benar diproses dalam waktu singkat. Tim di KPP Gubeng paham betul urgensi kebutuhan wajib pajak dan bekerja dengan efisien. Bahkan, mereka kadang memberi reminder via email/SMS untuk dokumen yang kurang. Very impressive!"
Cahya dwi,31/05/2025,5,"Pengalaman ibu saya yang sudah berusia 67 tahun dalam mengurus SPT di KPP Gubeng sungguh menyentuh hati. Sejak dari pintu masuk, petugas security langsung mempersilakan beliau untuk menggunakan antrian prioritas. Petugas di loket dengan sabar mendampingi proses pengisian formulir, menjelaskan setiap kolom dengan bahasa yang sederhana dan tidak terburu-buru. Ketika ada beberapa dokumen yang kurang, mereka tidak memarahi tetapi malah membantu mencetak dokumen yang diperlukan di tempat. Yang paling berkesan, ketika ibu saya kebingungan memahami beberapa istilah teknis, seorang petugas dengan sukarela menemani ke ruang tunggu dan menjelaskan dengan analogi kehidupan sehari-hari sampai ibu saya benar-benar paham. Pelayanan yang begitu humanis ini membuat ibu saya yang awalnya takut berurusan dengan pajak, sekarang justru merasa nyaman dan dihargai sebagai wajib pajak senior."
Jonathan Rafael,31/05/2025,4,KPP Pratama Surabaya sudah melakukan upaya untuk meningkatkan kualitas 
Febrian Maulana,31/05/2025,5,Puas terhadap pelayanan yang diberikan oleh KPP Pratama Surabaya Gubeng
Diaz Rochman,31/05/2025,4,"Progres pekerjaan di KPP Pratama Surabaya Gubeng sangat cepat, sehingga tidak membuang-buang waktu saya"
Maharni Dewi,31/05/2025,3,KPP Pratama Surabaya sedikit lambat dalam melayani pertanyaan customer
Yosshi Karina,31/05/2025,4,"Suasana kantor KPP Pratama Surabaya Gubeng sangat nyaman, sehingga membuat customer menunggu dengan nyaman"
Syafa Nur,31/05/2025,5,"Secara keseluruhan saya puas terhadap pelayanan, kecepatan pekerjaan, serta suasana tempat menunggu yang nyaman"
Ferisha Emilya ,31/05/2025,1,"Petugasnya terkesan tidak ramah dan kurang membantu, bikin tambah bingung"
Rinata Agustina ,31/05/2025,3,"Pelayanan cukup oke, tapi masih bisa ditingkatkan terutama soal kecepatan"
Jeovanna Athalia ,31/05/2025,4,Proses pengurusan pajak lumayan cepat dan rapi.
Aulia Vizel,31/05/2025,4,"KPP Pratama Surabaya Gubeng sangat ahli dalam melayani kebutuhan customer, langsung di kerjakan dengan cepat, tingkatkan terus kualitas pelayanannya "
Chantiqa Felizya ,31/05/2025,4,"Petugasnya cukup ramah dan membantu, penjelasannya juga jelas."
Silvia Irma ,31/05/2025,5,"Pelayanannya cepat, ramah, dan sangat membantu dari awal sampai selesai."
Java Alvian ,31/05/2025,5,"Antreannya tertib dan nggak makan waktu lama, sangat efisien."
Rafie Pratama ,31/05/2025,5,"Petugasnya sangat profesional dan sabar, bikin nyaman ngurus pajak"
Fernanda Yasril ,31/05/2025,4,Tempatnya bersih dan pelayanan cukup tertib.
Ardena Fajar ,31/05/2025,3,Prosesnya berjalan lancar meski agak lambat.
Ujang Ari,31/05/2025,2,"Waktu tunggunya cukup lama, padahal antrean tidak terlalu banyak."
Aska Maulana ,31/05/2025,4,"Saya sebenarnya bukan Wajib Pajak yang terdaftar di KPP Pratama Surabaya Gubeng, namun beberapa waktu lalu saya mengantar orang tua mengurus administrasi di sana. Meskipun saya hanya mendampingi, saya merasa pelayanan publik yang diberikan cukup memuaskan"
Robi Pratama,31/05/2025,1,"Antriannya lama banget, padahal datang pagi. Sistemnya nggak efisien."
Jihan Almira ,31/05/2025,3,"Petugasnya informatif, meski beberapa masih kaku dan kurang ramah."
Nova Eliza ,31/05/2025,4,"Sudah jauh lebih baik dibanding beberapa tahun lalu, lebih profesional."
Candy Elzira,31/05/2025,5,Layanan di sini bikin kesan bahwa urusan pajak itu nggak harus ribet.
Zenita Alma ,31/05/2025,5,"Sangat puas! Semua proses dijelaskan dengan jelas, nggak ada yang membingungkan."
Arya Mubarak ,31/05/2025,4,"Meskipun saya bukan terdaftar di KPP Pratama Surabaya Gubeng, saya pernah datang untuk menanyakan soal perpajakan usaha keluarga. Petugasnya tetap melayani dengan sopan dan tidak membeda-bedakan. Saya sangat menghargai sikap profesional seperti ini karena bisa membuat masyarakat merasa nyaman dan terbantu, meskipun tidak tercatat sebagai Wajib pajak di sana"
Jenny Agustina ,31/05/2025,2,Kesannya kurang sigap saat menangani pertanyaan yang sedikit teknis.
Gading Kinanthi ,31/05/2025,3,"Masih standar pelayanan publik, belum bisa dibilang istimewa."
Selena Willa ,31/05/2025,3,"Sistem informasi di loket sudah oke, cuma kurang jelas untuk pemula."
Nailla Lazuarda ,31/05/2025,4,"Sistem informasi di loket sudah oke, cuma kurang jelas untuk pemula."
Diva Pravita ,31/05/2025,5,"Pernah konsultasi pajak langsung, dibantu dengan sangat detail dan ramah"
Yusuf Kirana ,31/05/2025,5,"Saya pernah mengikuti sosialisasi perpajakan yang diadakan oleh KPP Pratama Surabaya Gubeng di kampus. Walau saya bukan WP yang terdaftar di sana, saya merasa kegiatan tersebut sangat bermanfaat"
Karina Mega,31/05/2025,4,Ruang tunggu yang nyaman dan petugas sangat ramah
Samuel Rando,31/05/2025,5,Pelayanan sangat cepat dan efisien
Will Hartanto,31/05/2025,3,"Meskipun ramai, petugas tetap sabar dan ramah"
Dion Kusuma,31/05/2025,4,Petugasnya profesional dan mau bantu jelaskan prosedur benar 
Tiana Sandi,31/05/2025,3,Petugas siap mengarahkan kalau kita kebingungan
Wahyu Hidayat ,31/05/2025,4,"Saya sempat menghubungi KPP Pratama Surabaya Gubeng melalui telepon untuk bertanya soal pelaporan SPT Tahunan. Walaupun saya bukan WP yang terdaftar di sana, petugas tetap menjawab dengan baik. Namun, saya rasa sistem pelayanan lewat telepon atau online masih bisa lebih ditingkatkan agar tidak terlalu lama menunggu"
Amelia Syahri,31/05/2025,5,"Saya tetap dilayani dengan baik, padahal sudah mau jam tutup"
Dita Alivia,31/05/2025,4,"Saya datang untuk konsultasi, tapi dilayani dengan sopan dan serius"
Reno Maulana,31/05/2025,4,Langkah-langkah pendaftaran NPWP saya dijelaskan dengan rinci oleh petugas
Erika Nadya,31/05/2025,3,Layanan yang lengkap dan bisa langsung dibantu dengan cepat
Gisel Selvia,31/05/2025,5,Petugas yang infomatif dan siap menjelaskan prosedur
Ahmad Ashraf ,31/05/2025,4,"Saya pribadi bukan wajib pajak di sana, tapi saya cukup terkesan dengan sistem antrean yang teratur dan informasi yang tersedia cukup jelas. Pelayanan seperti ini menurut saya patut diapresiasi karena mencerminkan pelayanan publik yang terbuka dan ramah"
Ayu Pratiwi ,31/05/2025,5,"Saya bukan WP KPP Gubeng, tapi sistem antreannya rapi dan suasana kantornya cukup nyaman dan pelayanannya terlihat cepat dan petugasnya informatif"
Fira Maharani ,31/05/2025,4,"Pernah konsultasi meski bukan wajib pajak terdaftar, tetap dilayani dengan ramah dan jelas dan Pernah datang untuk tanya soal SPT, petugasnya sabar dan menjelaskan dengan baik"
Anastasia,31/05/2025,4,Pelayanannya baik dan pegawai menjelaskan dengan baik pada saya
Malik ahmad,31/05/2025,4,Pelayanan di KPP Pratama Surabaya Gubeng sangat ramah dan profesional. Petugas pajak yang bertugas sangat membantu dan memberikan informasi yang jelas dan akurat tentang prosedur pajak.
dewi ratna,31/05/2025,5,Proses pelayanan di KPP Pratama Surabaya Gubeng sangat cepat dan efisien. Wajib pajak dapat dengan mudah mengurus pajak mereka tanpa harus menunggu terlalu lama.
vanessa angel,31/05/2025,4,"KPP Pratama Surabaya Gubeng telah menerapkan sistem online yang maju untuk memudahkan wajib pajak dalam mengurus pajak. Sistem ini memungkinkan wajib pajak untuk membuat dan melaporkan pajak secara online, sehingga lebih efisien dan efektif."
gilang fauzi,31/05/2025,5,KPP Pratama Surabaya Gubeng memberikan informasi yang jelas dan akurat tentang prosedur pajak dan kebijakan pajak. Wajib pajak dapat dengan mudah memahami informasi yang diberikan dan mengurus pajak mereka dengan benar.
mayang aura,31/05/2025,5,KPP Pratama Surabaya Gubeng memiliki fasilitas yang nyaman dan memadai untuk wajib pajak. Ruang tunggu yang nyaman dan fasilitas lainnya membuat wajib pajak merasa nyaman saat mengurus pajak.
kamelia nisa,31/05/2025,5,Komunikasi antara petugas pajak dan wajib pajak sangat baik. Petugas pajak sangat responsif dan membantu dalam menjawab pertanyaan dan masalah yang dihadapi oleh wajib pajak.
ahmad sariffudin,31/05/2025,5,"KPP Pratama Surabaya Gubeng bekerja sama dengan aplikasi pajak seperti Mekari Klikpajak, yang membantu wajib pajak dalam mengelola pajak secara online dan terintegrasi. Aplikasi ini juga menyediakan fitur-fitur seperti e-faktur, e-billing, dan e-filing, sehingga memudahkan wajib pajak dalam mengurus pajak."
Nayana putri ,31/05/2025,4,"Pelayanan yang saya terima di KPP Pratama Surabaya Gubeng terasa kurang memuaskan, terutama dari segi kejelasan informasi dan sikap petugas.
Saat saya datang untuk menanyakan proses pelaporan SPT tahunan, saya mendapatkan jawaban yang kurang konsisten dari beberapa petugas. Ada perbedaan informasi yang membuat saya kebingungan dan harus berpindah-pindah meja hanya untuk mencari tahu prosedur yang benar. Hal ini tentu saja membuang waktu dan membuat pengalaman saya menjadi kurang menyenangkan. Saya berharap ke depannya petugas dapat memberikan informasi yang lebih seragam dan jelas."
Muhammad Ali,31/05/2025,4,Pembayaran di KKP Pratama Surabaya Gubeng di.proses dengan cepat meski saya bukan terdaftar disana
Kanaya melati ,31/05/2025,5,"Saya merasa waktu tunggu yang saya alami tidak sebanding dengan kualitas pelayanan yang diberikan.
Ketika saya datang ke kantor pajak, saya sudah mengambil nomor antrean dan menunggu dengan sabar. Namun, setelah menunggu lebih dari satu jam, saya belum juga dipanggil, padahal antrean tampak tidak terlalu panjang. Tidak ada pemberitahuan atau permintaan maaf atas keterlambatan tersebut. Menurut saya, manajemen antrean masih bisa diperbaiki agar lebih efisien dan transparan.
"
Siti Aisyah,31/05/2025,5,pelayanan di KPP Pratama Surabaya Gubeng cukup baik dan terus menunjukkan perbaikan dari waktu ke waktu.
Hanif Alaydrus ,31/05/2025,5,"Sikap beberapa petugas cenderung kurang ramah dan terkesan tidak sabar dalam melayani wajib pajak.
Sebagai warga negara yang ingin taat pajak, saya berharap bisa mendapatkan bimbingan dengan baik. Namun, ketika saya bertanya tentang suatu hal yang tidak saya pahami, saya justru mendapat respon yang tidak menyenangkan dari petugas. Nada bicaranya cenderung tinggi dan tidak menunjukkan empati. Ini tentu sangat mengecewakan, karena pelayanan publik seharusnya dilakukan dengan sikap profesional dan bersahabat.
"
Danang Haryanto,31/05/2025,4,"Petugas di bagian pelayanan, baik yang menangani langsung wajib pajak maupun yang bertugas di bagian informasi, bersikap ramah dan membantu."
Bayu Permana Putra ,31/05/2025,4,"Fasilitas kantor belum mendukung kenyamanan bagi wajib pajak yang datang secara langsung.
Saat saya berkunjung, ruang tunggu terasa sangat sempit dan penuh sesak, terlebih saat jam sibuk. Tidak semua kursi tersedia dan AC tampaknya tidak berfungsi maksimal, membuat suasana menjadi panas dan tidak nyaman. Saya kira, perbaikan fasilitas dan pengaturan ruang tunggu yang lebih baik akan sangat membantu menciptakan lingkungan pelayanan yang lebih kondusif."
Maya Aulia Sari,31/05/2025,5,"Petugas menjelaskan prosedur secara jelas, serta memberikan arahan yang memudahkan wajib pajak untuk memenuhi kewajibannya."
Gracia Auliya,31/05/2025,2,"Dari sisi fasilitas, ruang pelayanan di KPP Pratama Surabaya Gubeng cukup tertata dengan baik, bersih, dan dilengkapi dengan sistem antrean elektronik yang cukup efisien."
Kayana Mautia,31/05/2025,4,"Meskipun sebagian besar petugas sudah memahami prosedur dengan baik, ada kalanya informasi yang disampaikan oleh satu petugas tidak konsisten dengan petugas lainnya, sehingga menimbulkan kebingungan bagi wajib pajak."
Harris Adzriel,31/05/2025,4,"pelayanannya sangat ramah, penjelasan tentang pajak juga sangat membantu dan mudah dipahami orang yang tidak terlalu mengerti "
Yemima Bachtiar,31/05/2025,4,"Saya cukup puas dengan pelayanan yang diberikan, meskipun sempat menunggu agak lama, tetapi petugas tetap ramah dan profesional dalam menangani pertanyaan saya"
Ahmad Fauzi,31/05/2025,4,"Saya sudah beberapa kali datang ke KPP Gubeng dan sejauh ini selalu mendapatkan pelayanan yang konsisten, cepat, dan tanpa hambatan berarti"
Gilang Dirga,31/05/2025,5,"Petugas front office sangat sigap dalam menangani keluhan. Saya sempat mengalami kendala pelaporan, dan langsung dibantu hingga selesai"
Rizki Biananda,31/05/2025,4,"KPP Gubeng memberikan kesan yang profesional. Proses pelayanan berlangsung cepat, dan tidak perlu bolak-balik karena informasi awal sudah lengkap"
Helena Agatha ,31/05/2025,5,"Menurut saya, pelayanan di kantor pajak saat ini sudah jauh lebih baik dibandingkan beberapa tahun lalu. Petugasnya ramah, antrean lebih teratur,"
Rudi Hartanto,31/05/2025,4,"Saya harap ke depan ada pengembangan layanan digital yang lebih user-friendly, agar wajib pajak seperti saya tidak harus datang langsung ke kantor"
Zahra Kinara,31/05/2025,4,"Saya merasa pelayanan di kantor pajak sangat baik. Petugasnya ramah dan profesional, serta siap membantu jika ada kesulitan dalam proses pelaporan atau pembayaran pajak. Prosedur yang dulunya rumit sekarang jadi lebih mudah berkat sistem online dan bantuan langsung dari petugas"
Ahmad Fauzi,31/05/2025,4,Saya sangat terbantu dengan adanya layanan edukasi pajak bagi UMKM. Petugasnya memberikan informasi yang praktis dan mudah dipahami
Dewi Sartika,31/05/2025,5,"Saya cukup terkesan karena saat datang tanpa janji pun, saya tetap dilayani dengan cepat dan sopan. Hal ini jarang saya temui di kantor pelayanan lain"
Alya Agustina ,31/05/2025,5,"Mereka mampu menjawab pertanyaan dengan cukup jelas, baik melalui layanan langsung di loket maupun secara daring (online)."
Amira Setiawan ,31/05/2025,5,kantor ini juga ada kegiatan mengedukasi masyarakat tentang perpajakan
Pramudya Dipta   ,31/05/2025,5,antrian di loket teroganisir dengan baik sehingga tidak bete menunggu 
Revan Pratama ,31/05/2025,5,"ramah dan karyawannya mampu menjawab pertanyaan saya tentang pajak, npwp dll dengan singkat dan jelas "
Nayara Safitri ,31/05/2025,4,"Prosedur pelayanan terlalu panjang dan kurang terintegrasi.
Dalam proses permohonan NPWP Badan, saya harus melalui berbagai tahapan yang menurut saya masih terlalu berbelit-belit. Saya diminta untuk kembali beberapa kali karena dokumen dianggap belum lengkap, padahal tidak ada informasi sebelumnya mengenai kelengkapan tersebut. Jika informasi yang dibutuhkan bisa disampaikan secara rinci sejak awal, tentu prosesnya bisa jauh lebih efisien.
"
Eky Fernanda Setyawan Putra,01/06/2025,5,"fasilitas memadai, layanan cepat dan ramah"
Anggara Sidjabat,27/03/2025,5,...dtg kesini untuk ngurus coretax milik bapak yg mau bayar PBB tanah warisan dari opung u/ keluarga besar kami di kampung …
Bang Pu'ad,27/02/2025,5,Pelayanan ramah langsung diberi arahan yg tepat dan dibantu dengan cepat oleh petugas kantor pajak... …
dimas bayu,27/02/2025,1,"Baru pertama kesini udah langsung punya kesan negatif, pelayanan kurang sopan, kok bisa bisa nya ketus padahal saya ini bayar pajak lo, kasarnya saya dipalak, lain kali kalo rekruitmen pegawai pelayanan publik itu yang bener jangan sembarangan, masyarakat juga ingin koperatif tapi kalau petugas saja ketus gitu ya jadi malesss"
Shanditya Mariana,27/04/2024,5,"Pelayanan cepat tanggap. Ruangan nyaman untuk menunggu antrian. Pertama kali kesini untuk registrasi EFIN, sekalian mau komplain kartu nowp yang belum dikirim sejak 2023, ternyata langsung dicetakin saat itu juga. Terima kasih banyak ✨"
Lou Ve,06/04/2025,5,Terima kasih banyak kepada Ibu yang sudah memberikan arahan untuk mengisi SPT saya di hari libur. Sangat fast response menjawab via Whatsapp. Semoga dapat tetap dipertahankan dan bahkan bisa lebih baik lagi! 🙏 …
Yanna So,27/02/2025,1,SANGATT LAMAAAAAAA DARI JAM 11 smpe jam 3 belum di layanin!! counter cuma 3 antri an smpai 100!!
Dany Triatmo,27/04/2024,4,"Review jujur untuk staffnya sangat membantu sekali ramah pokok e bintang 5

Buat tukang parkire tulung lah jumatan iku jam 11.30 gak jam 08.00 kan posisi …"
hennie puzz,27/03/2025,5,Salut buat Kantor Pajak sekarang kerjanya cepat. 10 tahun lalu pernah urus untuk pindah npwp ke sby disuru balik ke kota asal. Sekarang bisa diurus di KPP sesuai KTP kita. …
Azruli Mukhti Azinar,27/02/2025,5,"Alhamdulillah, trima kasih AR saya mas arta atas bantuannya dalam.pengurusan pendaftaran coretax saya. …"
cosmopolisresort billing,27/02/2025,5,"Pelayanan sangat ramah, Bertanya mengenai pajak melalui telegram dan By Phone fast response sekali, AR cepat tanggap dan sangat sabar dalam membantu wajib pajak."
Achmad Yasfifu Ady,27/04/2024,5,"petugas resepsionis ramah dan informatif, petugas pelayanan responsif dan solutif. desain ruangnya nyaman, dingin dan disediakan juga tempat charger. terbaik deh pokoknyaa"
Aprianto,27/04/2023,5,"Untuk pegawainya ramah dalam melayani, untuk urusan perpanjakan terdapat queue / antrian yang diambilkan recieptionist didepan. Antriannya sendiri tidak terlalu lama dan cepat. Kesini untuk cetak ulang kartu NPWP dan proses < 20 menit. …"
Fridayanti Fridayanti,27/07/2024,5,Pelayanan ramah dan petugas menjelaskan dengan sabar dan detail. Ruang tunggu juga nyaman sekali. Terima kasih.
Aprilliana Akhsabal,27/02/2025,5,"Memberi pelayanan yg sangat baik, mba/masnya ramah ramah, lingkungannya bersih"
Putu Widhiartha,27/04/2023,5,"Pelayanan baik, ruang tunggu nyaman, ada terminal charge hape, parkir motor gratis, ada jalur kursi roda untuk difabel."
Nisita Hafia,27/09/2024,5,"Pelayanan sangat baik & cepat, layanan informasi di depan juga informatif, jelas, lengkap, sangat membantu. Tempat menunggu nyaman, adem, dan bersih."
Muhamad Sunu Brata,27/04/2022,5,"Kantor Pelayanan Pajak Prataman Surabaya Gubeng melayani kewajiban perpajakan bagi seluruh wajib pajak baik orang pribadi maupun badan hukum yang berada di wilayah Kecamatan Gubeng, Surabaya. Gedungnya sudah tua tetapi masih sangat terjaga …"
J L O Production by Yudianto,27/10/2024,5,"Terima kasih kepada Bapak Sulistiono dan Mas Rizky Lutfiansyah yg telah membantu dan memberi penjelasan dengan baik dan sopan masalah laporan SPT pribadi yg salah, sehingga kurang bayar. Meskipun akhirnya ada beberapa koreksi kesalahan memasukkan nominal shg dapat mengurangi beban biaya kurang pajak yg harus dibayarkan"
Giyanti Linda,27/04/2019,3,"Pelayanannya baik, namun saya masih belum paham konsep antriannya FIFO (first in first out) atau bagaimana. Dan ada beberapa pengunjung datang yg tidak tau dimana nomer antriannya. Jadi nunggu ditanyain sama orang pajaknya. Semoga …"
Muhamad Rois,27/04/2023,5,"Saya ke KPP Gubeng mau memperbaharui data dan meminta E-Fin. Antrian tidak panjang. Staff pendaftaran sangat ramah dan membantu, begitu juga staff cs kpp yang membantu perubahan data dan proses e-Fin. Untuk permintaan E-Fin saya ditanya …"
Fajrin,27/04/2024,5,Mantap. Desain ruang pelayanan baru kayaknya. Lebih nyaman dan bagus
Rossy Prabowo Chandra,27/04/2023,1,"Datang jam 8.20 berharap agar tidak antri, ternyata petugasnya juga tidak ada (yg ada hanya 1 petugas pendaftaran dan 1 petugas layanan help desk, petugas konsultasi tidak ada). Jam 9 lebih baru datang petugas konsultasi. Saya menghabiskan …"
Budi Anggara,27/04/2022,5,"Pelayanan tepat waktu, petugas juga ramah dan menjelaskan dengan sangat baik.

Halaman parkir cukup luas, juga tersedia parkir khusus wanita dan terdapat jalur bagi para disabilitas, MANTAB..."
betonabadi prima,27/07/2024,5,"Memberikan solusi yg solutip...obyektif dan reasonable, terima kasih banyak Team KPP Gubeng"
RIZKI ADI SURYADI,27/04/2022,5,"Pelayanan cepat, kantornya bersih, dan ramah menjelaskan secara detail tentang manfaat pajak... Semoga pelayanan KPP selalu bagus dikantor manapun ..."
Randi Andika Hutama,27/04/2022,5,"Parkirnya luas dan pelayanan AR juga ramah

kantornya pun bersih sehingga meskipun antri panjang tetep nyaman"
Wisnu Issantoso,27/04/2020,4,Depannya ada Pom Bensin. Masjid d komplek kantor bersih. Untuk umum. Semoga petugas pajak bekerja amanah
rista ninda,27/04/2022,5,"Pegawainya sangat sopan dan ramah dalam melayani wajib pajak, tempatnya bersih dan nyaman"
Alya fira Setya,27/02/2025,5,"Memberikan layanan yang sangat baik,"
Maya Silvina,27/04/2019,5,"Ruang tunggunya nyaman, parkir motor dan mobil tersedia (parkir mobil lahannya sempit), jadi kalau lagi rame2nya bisa parkir sampe jalan raya.."
Denny Hondo,27/04/2024,1,"Telegram tidak ada yang jawab. Padahal saya hanya tanya apakah surat keterangan sudah selesai/belum. Saya langsung ke lokasi, katanya diantar JNT, padahal sebelumnya saya disuruh ambil, sampai sekarang ga jelas nasib surat saya."
Diyanno 80,27/04/2024,5,"Bersih Ramah Cepat, lokasi depan Stasiun Gubeng Surabaya"
Dhoni Dharniawan,27/09/2024,5,Kalau saya orang Nganjuk untuk ngurus npwp di surabaya  bisa dilayani nggak atas infonya saya ucapkan terimakasih
Bia,27/03/2025,5,Pelayanan pembuatan EFIN cepat dan baik
Nadya Intan Permatasari,27/04/2024,5,"Pelayanannya cepat, dan pegawainya sangat ramah. Tempat ruang tunggunya juga sangat nyaman. Sofanya empuk hehehe. The best lah intinya."
Galang Pandya,27/04/2024,5,"Di bantu sangat ramah dan baik pengajuan npwp online sama mas2 di lobby 👍🏻👍🏻
Jika ada kendala  terima token gagal/ hubungi adminstrasi solusinya adalah login di device lain hp atau laptop …"
Jilly Octarika,27/04/2024,5,"Pengurusan pajak dengan mba Monica cepat, Ramah dan dibantu sampai selesai padahal kita baru melakukan pengurusan disana...dipertahankan ya mba dan KPP gubeng pelayanan nya, lancar terus"
MyConsulting AccountingTax,27/04/2023,2,"Untuk parkiran mobil sangat terbatas, kalau penuh jgn mau di arahkan parkir liar di bahu jalan krn mobil bisa2 di derek dishub. Sy harap KPP Gubeng dapat menambah kuota parkir di dalam lebih banyak lagi khususnya untuk roda 4"
Aura Nabila Paramitha,27/04/2024,5,Alhamdulillah sekarang pelayanann nyaa super duper nyaman dan gak di cuekim gitu aja. saya sebagai mba mba yang lapor pajak nya trouble bisa solved. ibu nya ramahh sekali yang tadi saya antrian c-13 kalo ga salah di teller 5. makasih banyak buu 🫶🏻🫶🏻🫶🏻🫶🏻🫶🏻 …
Suci Suryani,27/04/2022,5,Alhamdulillah laporan pajak tahunan Selasa 22 Maret 2022 dibantu oleh relawan mahasiswa UA jadi begitu mudah cepat tepat aman. Pelayanannya ramah sopan responsif dan tepat. Bahkan setelah kelat dibawakan souvenir kalender. Semoga …
PUSPA PRIESTA DESIANTI,27/04/2022,1,"Profesionalitas buruk!
Saya datang utk menindaklanjuti email pelaporan sukarela yg berkaitan juga dengan SPT Tahunan. Udah sampe petugasnya,ternyata sepele banget bung dan utk lapor …"
Leaf is you,27/04/2023,5,"awalnya ga expect sama sekali sih sama pelayanannya kantor pajak, tapi pas dateng ke sini ternyata lumayan juga yaa kantor pajak emang udah bener2 modern. antriannya jelas, kantornya bersih, resepsionisnya juga ramah. top deeh, semoga selalu dapat ditingkatkan pelayanannya"
Agnes Wahyu,27/04/2023,5,Pelayanan sangat ramah. Datang dengan bingung tp langsung di berikan arahan ramah dari staff. Terimakasih Bu Nova sudah membantu saya dalam pengisian SPT tahunan. Recommended!
Aslamatu Naviessa Arzaq,27/04/2021,5,"Kantornya bersih, bangunannya oldskool tapi modern. Dari awal masuk pelayanannya ramah; mulai satpam yang mengarahkan tempat parkir, resepsionis yang mengarahkan tempat layanan dan pegawai-pegawainya yang ramah dalam melayani sesuai …"
maurida anjani,27/04/2023,5,"Kepada Bp Taim Setiono terimaksih banyak sudah memberikan penjelasan yang detail, jelas, akurat  dan sangat mudah di pahami oleh kami  mengenai "" trouble nya aplikasi efaktur dari  perusahaan kami. Sehingga saat ini aplikasi efaktur kami …"
febby nataza,27/04/2022,4,Pelayanan untuk loket pengaktifan NPWP terkesan kurang ramah. Ibu saya berusia 61th mengurus pengaktifkan NPWP dan petugasnya ketus sekali. Nada berbicara terkesan ogah-ogahan. …
Santoso Iman,27/04/2023,1,"Pelayanan sgt buruk, saya urus pajak pribadi disini dibuat salah sampai 6x wkt ada lebih bayar sy minta restitusi,padahal berth2  lebih bayar saya iklaskan bisa langsung betul. Admin laki dilantai 1 di ruangan kaca itu krjnya  tdk becus!!! Mendi"
aunur rofik,27/04/2022,5,Pelayanan sangat baik. Petugasnya ramah dan baik serta sabar untuk menjelaskan cecaran pertanyaan kita. Hehehe. Dan petugas Resepsionis Mbak dan Masnya baik dan ramah serta komunikatif memberikan informasi terkait masalah perpajakan. Eits 1 …
Bathosai Kenshin,27/04/2022,5,"Lokasi kantor tepat di pusat kota jadi gampang ditemukan, meskipun lahan parkir agak terbatas dan gedung yg termasuk tua tp pelayanan yg diberikan bisa dikategorikan memuaskan. Mungkin yg perlu dtingkatkan adalah aplikasi pendukung yg handal dan cepat. Makasi 😊 …"
Galih Candra Prasetya,27/04/2021,5,"Parkir Luas untuk motor dan mobil gratis juga, yg mau buat NPWP tersedia disini, untuk laporan SPT bisa mengurus di lantai 2 belok kanan. Pelayanan ramah, cepat dan gratis. Terbantu dengan proses pelaporan SPT tahunan di tempat ini. Untuk pembuatan NPWP setiap kecamatan beda-beda yah."
Sasiwi Pubianturi Mahisela,27/04/2019,5,"Antriannya lumayan banyak, tetapi petugas cekatan membantu cara pengisian formulir, membantu mencarikan materai sehingga tidak perlu keluar kantor, penjelasan hak dan kewajiban juga oke, ada leaflet untuk dibawa pulang pula"
Angga Yudha,27/04/2022,5,"Terimakasih atas pelayanan KPP Pratama Gubeng, dari datang sudah disambut ramah dan diarahkan dengan baik, sehingga proses pelaporan pajak saya berjalan dengan baik sampai selesai. Juga didampingi langsung oleh tim KPP Pratama Gubeng utk proses entry peaporan pajak. Semoga semakin sukses dan sehat selalu tim KPP Pratama Gubeng."
Annisa Rahmalia,27/04/2023,5,"pelayanan baik, ramah, ruang tunggu yang nyaman, semua pelayanan tidak diungut biaya, fasilitas atm mandiri, ada jalan buat kursi roda, parkir gratis."
edy Fbs,27/04/2023,5,"Semua pelayanan tidak dipungut biaya, tempatnya nyaman, ada minum gratisan.  Fasilitas ATM Mandiri, ada jalan buat kursi roda dan parkirnya parkir sudah gratis sekarang. 👍👍👍👍 …"
Pri Hinkap,27/04/2019,4,"Selain untuk urusan perpajakan, kantor ini juga menyediakan masjid yang terletak persis di pinggir jalan untuk melaksanakan sholat Jumat, tidak terbatas pada karyawan atau pegawai saja. Jadi siapapun yang kebetulan melewati tempat ini dan …"
Super Mario Brozz,27/04/2022,5,"Excellent service. Kantor Pajaknya bersih, sejuk, nunggu petugas ga boring karena ruangannya cozy. Petugas pelayanannya rapi, wangi, kelihatannya jutek, tapi ternyata ramah dan tuntas. Greatttt. Thanks KPP Pratama Surabaya Gubeng for Your Services. ☺☺"
JoJo Si Buldozer,27/04/2023,5,"Buat mb Dyah ayu yang sudah membantu saya untuk merapikan laporan pajak saya, saya ucapkan Terima kasih. Pelayanan yang super sekali. Ramah dan bener2 sangat membantu."
Martsella Yolanda,27/04/2022,5,"Pelayanan sangat baik dan saya merasa terbantu.
Datang ke kantor langsung dibantu oleh ibu pegawainya.dibantu sampai selesai mengisi.Dan laporan spt saya kelar. …"
Sugeng Sujarwo,27/04/2024,5,"Pelayanan sangat ramah dan sangat membantu sekali, terimakasih mas angga yg telah membantu saya untuk setiap info yg saya perlukan."
Alena Lenny,27/04/2020,5,"1. ANTRIAN TPT
ada 4 jenis antrian dan loket yang berbeda sesuai dengan jenis permohonan anda. silahkan duduk dan menunggu dipanggil oleh petugas sesuai dengan loketnya. bukan …"
Heemeta -,27/04/2018,2,Tulisan GRATIS PARKIR kok hilang? Dan juga bapak2 yang biasa di meja resepsionis kadang di parkiran motor tolong ramah sedikit lah. Dan Kecewa juga jauh2 dr sda ke gubeng ternyata nomer antrian udah habis padahal baru jam 1an. Apa bulan ramadhan kebijakan seperti itu?
Liem lucy,27/04/2023,1,"Helpdesk lantai1 nya tdk niat kerja, mending pake anak baru lulus kul yg th lalu  di lantai 3, krjnya jauh lbh profesional,  input data ku salah smpai 6x k gitu kok dipakai krj di ktr pajak ."
Taurus Boys,27/04/2022,1,"Mf petugas frontdesk (cowo) melayani dengan buruk. Tidak informatif, saat ditanya prosedur pengurusan detail banyak tidak tahu , dijawab sekedarnya, bahasa juga kurang sopan thd orang tua. Tlg perbaiki pelayanannya. Thx"
Maz Doel,27/04/2022,5,"Pelayanan sudah bagus, semoga masih bisa ditingkatkan lagi sehingga kami sebagai wajib pajak merasa nyaman .. Makasih"
Syavinna Nuraini,27/02/2025,5,untuk layanan nya baik
priskilla sheinny,27/04/2022,5,"Pelayanannya ramah dan sangat membantu, semua layanan terkait perpajakan dan parkir juga gratis
Lingkungan kantor juga bersih dan nyaman. Sippp"
Adibah Yunisya,27/04/2018,5,5 star buat mbak2 dan mas2 yg telaten meladeni antrian panjang pembayar pajak.. sabar memberikan penjelasan dari kebimbangan para penyetor pajak.. tetep sih tapi..untuk menghindari antrian panjang datanglah sebelum tgl 10.. saya dtg tgl 12 aja antrinya uda ga nyante 😭 …
Intan Ningrum,27/04/2022,5,"Tempatnya nyaman banget dan bersih, ada ATM Mandiri, petugasnya ramah, mulai dari satpam sampai petugas pajak. Gokil sih, bakal betah di kantor pajak kalau gini."
Yayan M,27/04/2018,4,"Bisa ganti kartu NPWP yang hilang di sini, juga bisa ambil blanko laporan pajak tahunan di kantor ini, lebih praktis dibanding kantor Jagir Wonokromo. …"
denny efendi,27/04/2017,4,"Pelayanannya baik dan cepat tanpa berbelit-belit. Tempatnya juga bagus, kebersihan terjaga, hanya saja parkirannya sempit. Daftat NPWP cuman butuh KTP asli dan fotokopi KTP 1 lembar. Pelayanan Memuaskan!"
FirdaNvtsr cm,27/04/2019,1,"Baru dtng help desk gk ada org kta mbk"" jualan kue suruh nungguin katanya bentar. Hm ditungguin hampir 1 jam tp gak dtng"" akhirnya ambil"" sendiri tanyak"" sendiri ke org lain.. berasa diriku disana orang gila tola-tole tapi gakonok uwong …"
Chris Jim,27/04/2024,1,"Bapak petugas receptionis depan tidak ramah, berbicara dengan nada keras & berbicara dengan tatapan yg tidak menyenangkan"
Agus Purwanto,27/04/2022,5,"Pelayanan OK, semakin meningkat..semakin cepat...
Sarana prasarana juga semakin baik, jadi tambah nyaman bagi wajib pajak..."
Dirgo Kanwil,27/04/2022,5,"Petugas nya ramah ramah nggak kaku, malah ada petugasnya  om Doel? yg pandai menjelaskan sambil becanda, Top markotop dah ni kantor....."
Tri Hari Tjahjono,27/04/2021,5,"Semua sudah online suip pokoke,  jadi sedikit sayang, saya yg sudah terlanjur datang tidak diedukasi sampai selesai,  akibatnya laporan tahunan saya ga jelas nih selesai belumnya, …"
Putri Toelanita,27/04/2024,1,"Riweuh... 2 kali kesini ga dapat jawaban semua pertanyaan staffnya ga sabaran, malah di minta online saja, giliran online jawabnya tidak sesuai yg di maksud, trs harus gmna???"
Oca Lesmana TV,27/04/2021,3,"Coba kepada pihak terkait di KPP Pratama Surabaya Gubeng, saya daftar NPWP pribadi via online tidak bisa nik sudah di gunakan, pas saya cek kenapa saya ada terdftar di KPP Pratama Surabaya Gubeng, sedangkan saya di Jakarta."
Hendrik Lesmana,27/04/2020,1,"KTP tambaksari mau ngurus NPWP di gubeng kok gak bisa,malah dibuang jauh ke kantor njagir wonokromo. Mau ngurus perpajakan saja kok di persulit.
Aneh.... …"
Share to everyone who need,27/04/2019,2,"Berbelit2, keterangan pegawai satu dengan yg lain berbeda, dipimpong sana sini. Hny utk melapor SPT tahunan yg blm terlapor aja ribet. Hrs mondar-mandir ke sini 5x😈😠😡 …"
alya putrii,27/04/2024,5,"kpp gubeng sangat nyaman dan pelayanan nya cepat,sofa nya nyaman dan ruangan nya dingin"
Yuli Purwanto,27/04/2022,5,"Pelayanannya bagus, petugasnya ramah dan profesional. Permohonan diselesaikan dengan cepat dan tentu gratis. Terima kasih KPP Pratama Surabaya Gubeng."
Adi Budiono Sugana Putra,27/02/2025,5,Respon WA cepat 👍 …
Bintang1 01,27/04/2021,5,"Ruangan pelayanan bersih, petugas ramah. Pelaporan spt bs online jadi bisa diakses dimana saja tidak perlu datang ke kantor cuma jika tidak bisa mengisi bisa datang dan konsultasi sampe bisa.. Mantappp"
Mat Romli,27/04/2022,5,Pelayanan yg sangat memuaskan dan mungkin bisa menjadi kpp percontohan terutama untuk kasi pelayanan
Mita Widyastuti,27/04/2019,5,Pelayanannya sangat baik dan cepat. Bikin NPWP nggak sampe 10 mnt udah jadi. Petugasnya juga ramah dan murah senyum.
Budiono Sukses,27/04/2017,3,"Pelayanan ramah dan cepat, tapi sayang display nomor antrian sudah rusak sejak beberapa bulan lalu kok belum dibetulkan?"
kancil kutil,27/04/2022,4,Alhamdulillah pelayanan pajak sekarang udah semakin nyaman dan cepat. Pelayanan loket npwp dan lapor spt bagus ramah.
Riskita Anggraini,27/04/2024,1,tutup jam 16.00 datang jam 15.45 udaa ga dilayanin anehhh
Sigit Ananda,27/04/2023,5,"Pelayanan yang sangat baik, ramah, dan tuntas menjawab persoalan wajib pajak."
Tiara Annisa,27/04/2022,5,"pelayanannya sangat bagus, petugas ramah dan cekatan dalam membantu wp"
Febi A,27/04/2023,5,pelayanan cepat dan gratis
Kadek Shinta Narayani,27/04/2022,4,"Asistensi Pelaporan SPTnya membantu banget, jadi gak bingung lagi buat Lapor SPT 😄 Pelayanannya ramah dan super helpful! …"
Rizka Pertiwi,27/04/2022,5,"Petugas ramah, tempat bersih dan tentunya pelayanannya sangat memuaskan"
titik dwi wahyuni,27/04/2022,5,"Fasilitas lengkap, Petugas ramah  pokoknya pelayanan memuaskan, letaknya tengah kota"
adib firanto,27/04/2022,5,Tempatnya cozy petugasnya juga ramah2 dan rapi smoga amanah bekerja
Ateta Tarigan,27/04/2022,5,"super duper helpfull!! Ramah, baik, membantu dan menjelaskan secara detail. ga berasa ribet lapor pajak. thank you KPP Gubeng!!"
Talitha anindya,27/04/2022,5,"Bagus banget, petugasnya baik dan ramah, gabakal nyesel datang  kesini👍 …"
AM CLO,27/04/2021,1,"Nomer telponnya cuma buat hiasan di google. Tidak akan pernah diangkat/direspon.
Selalu seperti ini di SEMUA layanan pemerintah untuk masyarakat."
octovianto djatipramono,27/04/2022,5,"Layanan sudah cukup bagus dan memuaskan, mohon selalu ditingkatkan"
Sukardi Viola,27/04/2022,5,"Kantornya bagus, bersih, dan nyaman, pelayanan ramah dan bersahabat. Keren.."
Husna Nana,27/04/2022,5,"Terima kasih, akhirnyaa bisa juga ni lapor pajak, hehehee
Mantaaaap pooollll layanannya 👍🏻👍🏻👍🏻👍🏻👍🏻 …"
008_Rara Anggraini,27/04/2022,5,"Tempatnya nyaman, pelayanannya ramah, dan sangat membantu, terima kasih."
Sutarno,27/04/2021,5,"Ruang TPT sekarang semakin rapi dan bagus, pegawai di bagian pelayanan juga ramah dan murah senyum.. :-)"
reza fahlevi,27/04/2022,5,"Waktu lapor SPT dibantu dengan sangat ramah dan baik, parkir gratis dan cukup luas 👍🏼 …"
Risaa Fadillah (Ichaa),27/09/2024,4,Ada biaya pembayarannya ga?
Usagi Toram,27/04/2023,1,Cuma mau tanya cara pengisian spt tahunan di tolak. Jam 09.58. kamis tgl 9.03.2023
marta susana,27/04/2023,5,"Sangat membantu, bpk petugasnya juga sangat baik, sabar ...pokoknya sangat membantu.
Makasih kkp pratama gubeng."
gregorius bela,27/04/2022,5,"Pelayanan ramah, sopan, dan responsif. Semoga selalu dipertahankan."
Herry Purniawan,27/04/2022,5,"muantap, petugasnya ruamah-ruamah.. gak bakal nyesel dateng ke sini, yang ada malah ketagihan!"
leny tan,27/04/2022,5,Bpk Artha ramah dan baik juga sabar dlm melayani... makasih 🙏 …
tarnat abinya fatih,27/04/2022,5,Pegawainya ramah saat melayani waktu pengisian SPT Tahunan..
cintya ardananti,27/04/2022,5,"Pelayanannya baik, ramah. Saya sangat terbantu"
RESTO WA,27/04/2018,5,"Kalo datang pagi, antrian masih sedikit dan petugas masih fresh jadi pelayanan lebih cepat."
Sulis Tya,27/04/2022,5,Petugasnya ramah dan pelayanan yang diberikan tidak dipungut biaya. Thx
Moch Jamil,27/04/2020,5,Saya sudah daftar melalui online tapi blom ada kejelasan sudah jadi apa tidak. Serta tidak smpai dirumah. Minta tlg kepastiannya gmn ya
Lia Alvionita,27/04/2024,2,"boleh ga si tanya ke kpp gubeng, walaupun engga terdaftr di kpp gubeng"
Muhammad Al Fatih,27/04/2021,5,"Ruang tunggunya enak, ada ruang baca dan ada beberapa buku komik.."
devi avianty,27/04/2022,5,"Pelayanannya bagus, tempatnya nyaman, dan pegawainya ramah."
Teddy Butik,27/04/2022,5,Pak Artha sabar dan ramah dlm melayani saya. Makasih pak 🙏 …
Tegar Okta,27/04/2024,5,pelayanan sangat ramah dan sangat membantu.
Ricky Narendra Railfans,27/04/2020,1,Apa besok hari senin tgl.27 April 2020 sudah bisa melayani (buka).?
Bli Pushan,27/04/2022,5,"Kantornya bersih, pelayanan ramah, terimakasih kak"
Imam Syafi'i,27/04/2021,5,"Pelayanan baik,tempat memuaskan...
Cepat banget"
anton Yunianto,27/04/2022,5,"Kantornya oke, Pelayanannya terbaik...mantab👍👍👍 …"
putra swabuana,27/04/2019,1,"Mau jadi wajib pajak aja ruwet, sampai 5x bolak balik ke kantor pajak tidak selesai2."
Rosi Hoven,27/04/2024,5,Jumatan
Sosro C Dahana,27/04/2022,5,"Rapi, nyaman, bersih. Pelayanannya ramah."
windayoe,27/04/2022,5,Sukses buat KPP Surabaya Gubeng... Semakin keren layanannya 👍🏻 …
Tobagus Manshor,27/04/2022,5,Tetap semangat untuk memberikan pelayanan terbaik 👍 …
Esther Andriani,27/04/2022,5,"Kantor tampak klasik, Pelayanan profesional dan ada atm mandiri👍 …"
Prabu Arghani Jagratara,27/04/2022,5,Semoga KPP Pratama Surabaya Gubeng semakin jaya dengan layanan yang semakin mempesona👍🏻 …
Nauly Pardede,27/04/2024,5,"Ramah, aman, cepat"
alfita rakhma,27/04/2021,5,"Tempatnya nyaman, pelayanan ramah.. siiiippp nan 👍👍👍👍👍 …"
rommy satriya,27/04/2023,5,"Tempatnya bersih, bagus dan orangnya ramah2"
hadi wiyono,27/04/2022,5,Pelayanan sangat memuaskan ..dan ramah ...
Avin Nadhir,27/04/2019,4,Ada masjidnya
Plandemic Copid,27/04/2022,5,"Layanan cepat & tanpa dipungut biaya apapun, GRATIIISSSS"
paul liant,27/04/2022,5,Pelayanan OK.. Tanpa kolusi tanpa basa basi
Nancy W,27/04/2023,5,Pelayanan ok.. Terimakasih banyak🙏 …
Ani Rochmawati,27/04/2021,5,Kantornya nyaman.. Petugas2nya ramah2 🥰🥰 …
Nuruddin Arraniriy,27/04/2022,5,Tempatnya nyaman pegawainya sangat ramah
Yudhy Guztaman,27/04/2022,5,Mantap dan terus ditingkatkan pelayanannya
Pak Breng,27/04/2022,5,Pelayanan baik dan ramah.dan fast respon.
idonk knodi,27/04/2022,5,Petugas ramah dan sangat membantu👍 …
Maria Karolina K.P,27/04/2022,5,Pelayanannya sangat bagus👍🏽 …
Jarot Wahyu Wicaksono,27/04/2021,5,mantap. apalagi petugas tptnya😊 …
priyo santuso,27/04/2022,5,Pelayanan yg cepat dan rama.
Mr. Tato tato,27/04/2022,5,Petugasnya ramah2
E R,27/04/2023,5,Pelayanannya sangat baik
hsamuel c,27/04/2019,1,Kantor pajak kok tidak ada fotocopy nya
Naura Anindina,27/04/2022,5,"Tempat strategis, pelayanan OK"
Herman Herm,27/04/2023,5,Pelayanan okey.. sangat terbantu
Rezky Irfan,27/04/2018,1,"no telp, di telp gk ada yg angkat... sibuk terus"
24. Riska Wulandari,27/04/2022,5,Pelayanan ramah dan fasilitas nyaman
Sumadi Mulyono,27/04/2022,5,Pelayanan bagus sekali ramah
Fahmi Prasetyo,27/04/2022,5,Mantul mantap betul
fnm,27/04/2023,5,pegawainya ramah ramah
ruskawandi ruskawandi,27/04/2022,5,Gedungnya bagus
edi suparwanto,27/04/2022,5,Melayani dengan santun dan sabar
IGN Oka Wibawa,27/04/2022,5,Seneng klo lama2 disini😅😅😅👍👍👍 …
Narnik Susilowati,27/04/2022,5,Pelayan onlinenya okee
Chelsea Nastusha,27/04/2021,5,Pelayanannya baik😁 …
Sigit Pudiarto,27/04/2022,5,Siap Mantab
darwanto soedarsono,27/04/2022,5,Pelayanan bagus
Devi Avianty,27/04/2022,5,Lingkungan bersih.
Harijo Julianto,27/04/2022,5,Sangat terbantu
Nanda Regita,27/04/2022,5,👍👍👍👍👍 …
Winda Najwa,27/04/2022,5,Pelayanan bagus
TRI ADI WIDIATMOKO GUBENG,27/04/2016,5,Kantor keren
Bambang Harjuno Pandu Siwi Permadi,27/04/2022,5,"Pepak massehh..ada sensor suhu badannya. Resepsionisnya ruamaah.. Tersedia juga layanan bantuan lapor SPT, ruang konseling dan ruang layanan sip utama.."
Muhammad Yusuf,27/04/2023,5,"Kantornya bagus, stafnya baik dan ramah. Saat kami berkunjung, antriannya tidak banyak. Sayang sekali kami masih kekurangan salah satu dokumen yang diperlukan, sehingga kami harus kembali lagi lain kali. Tempat parkirnya agak terbatas (untuk mobil)."
Ragil Alex,27/04/2020,5,Kantornya tua tapi klasik. Ini memiliki layanan yang luar biasa. Kantornya sendiri cukup lengkap terdapat ATM Bank Mandiri di dalam kantor ini sehingga Anda dapat menarik uang atau mentransfer menggunakan mesin ini.
jonas sls,27/04/2022,5,"Saya mengucapkan banyak terima kasih atas pelayanan yang luar biasa dari KPP Gubeng, khususnya kepada Pak Kukuh yang dengan sabar membimbing e-Filling saya."
Aji Gembul,27/04/2022,5,"Pelayanan profesional, stafnya ramah bintang 5.. Yang paling atas paling bagus."
Sahri Bandono,27/04/2024,5,Pelayanan bagus 👍🏼 …
syamsul ghofur,27/04/2022,5,"Pelayanan jos gandos mas gan,querend👍 …"
agus suryono anggoro,27/04/2022,5,"Karyawan yang membantu dan profesional, tetap seperti itu kawan"
Reinaldo Sinaga,27/04/2022,5,"Kantor yang bagus, dan pelayanan publik yang sangat baik"
Cak AHen,27/04/2018,5,Kantor yang bagus. Perlu lebih banyak tempat parkir.
Fazlur Rahman,27/04/2024,5,"Pelayanan bagus, cepat"
Moch Nurdin surabaya,27/04/2021,5,Tempat terbaik untuk bantuan dalam pengisian pajak
Ali Murtono,27/04/2024,5,Sip mantsp
Fitra ridhawati,27/04/2022,5,keren.. tidak apa-apa
I gusti ngurah Ramayudha,27/04/2021,5,Terima kasih ya. Kerja bagus🙏🙏🙏 …
Hamid Solemansudjono,27/04/2022,5,"Luar biasa, kinerja bagus"
Tuah Darmawan,27/04/2022,5,Kerja bagus
Ibnu Samin,27/04/2022,5,Kantore dan Wakid
YuYu,27/04/2022,5,Bagus.. 😊 …
winarno budi,27/04/2022,5,Iyaaaa
mohammad solqan,27/04/2022,5,Pelayanan yang sangat baik
havidz ibrahim,27/04/2022,5,Bagus
I Gusti Agung Yuliari,27/04/2022,5,Kantor yang bagus
moch sonyviel ramdhan,27/04/2022,5,Pelayanan yang baik
Alfan Fitra,27/04/2018,5,Oke
Dinda Mayyanti,27/04/2019,5,Sipp
Darwis Ndayak,27/04/2022,5,T.O.P berada di ambang kehancuran.
Benni S,27/04/2022,5,Bagus
LUTHFIE AM,27/04/2022,5,Kantor yang bagus
setiawan tri yuniarto,27/04/2022,5,Bagus
Asis Gegek,27/03/2025,5,-
30_ Rizka Nabila Putri,27/03/2025,5,-
19. Marchel Sea Putra Dias,27/03/2025,5,-
Nofian Ismail,27/02/2025,5,-
Friska Wiji Ayu Lestari,27/02/2025,5,-
Yulia Sulistyowati,27/02/2025,5,-
Rudi S,27/12/2024,5,-
Kiki Zkr,27/04/2024,5,"Selamat Pagi, terima kasih untuk ulasan baiknya :) Semoga kami dapat selalu meningkatkan pelayanan kami ke depannya. Serta dukung kami selalu untuk mendapatkan predikat Zona Integritas Menuju Wilayah Birokrasi Bersih dan Melayani di Tahun 2024, Terima kasih :)"
Edward Pangidoan,27/04/2024,5,-
Herbert Wongsosaputro,27/04/2024,5,-
Viska Wulandari,27/04/2024,5,-
Taim Setiono,27/04/2024,5,-
Aaghnia Fawza,27/04/2024,5,-
Ahmadrauhul arifin,27/04/2023,1,-
Rachel Meilie,27/04/2023,1,-
Clarisa Eka Aninda,27/04/2023,5,-
eryk budi,27/04/2023,5,-
Widya saridewi,27/04/2023,5,-
Rizki Putri,27/04/2023,5,-
Intan Firdaus,27/04/2023,5,-
Ari Januar Rahmat,27/04/2023,5,"Selamat Siang, terima kasih untuk ulasan baiknya :) Semoga kami dapat selalu meningkatkan pelayanan kami ke depannya."
Anton Ifafas,27/04/2023,5,-
Nikolas Andrew,27/04/2023,2,-
Amelia Budiarti,27/04/2023,3,-
Putri Nur Amalia,27/04/2023,5,-
Ferry Widjaja,27/04/2023,5,"Selamat Pagi, terima kasih untuk ulasan baiknya :) Semoga kami dapat selalu meningkatkan pelayanan kami ke depannya. Serta dukung kami selalu untuk mendapatkan predikat Zona Integritas Menuju Wilayah Birokrasi Bersih dan Melayani di Tahun 2022, Terima kasih :)"
Dik Pras,27/04/2023,5,"Selamat Pagi, terima kasih untuk ulasan baiknya :) Semoga kami dapat selalu meningkatkan pelayanan kami ke depannya. Serta dukung kami selalu untuk mendapatkan predikat Zona Integritas Menuju Wilayah Birokrasi Bersih dan Melayani di Tahun 2022, Terima kasih :)"
Istighosah Annisa,27/04/2022,5,-
Bunga Puspa,27/04/2022,4,-
Rayhan Firdaus,27/04/2022,5,-
Indah Indriana,27/04/2022,5,-
Akbar Cahyadiyntha Gimon (VLCTY),27/04/2022,5,-
Andika Arhata,27/04/2022,5,-
Yulia Eka,27/04/2022,5,-
Selma indah,27/04/2022,5,-
Suyanto Wira,27/04/2022,5,-
Dedy Pramana,27/04/2022,5,-
Budhi Purwanto Efendy,27/04/2022,5,-
Wahyudiati Purnomo,27/04/2022,5,-
UTARI PUSPA SALEH,27/04/2022,5,-
syavira amalya,27/04/2022,5,-
Arsad Hasan,27/04/2022,5,-
Fitri Handayani,27/04/2022,5,-
enypuji rahayu,27/04/2022,5,-
Novie Fadhil,27/04/2022,5,-
wisnu wardana,27/04/2022,5,-
Alvi Kurniafi,27/04/2022,4,-
Hariyanto Anto,27/04/2022,5,-
Dyah Fatmawati,27/04/2022,5,-
Sutriyono Tri,27/04/2022,5,-
Budi Well,27/04/2022,5,-
Rahmat Hariyanto,27/04/2022,5,-
Samsol Heji,27/04/2022,5,-
Hasan Basri,27/04/2022,5,-
Achmad Rhobih Sukmana,27/04/2022,5,-
Husni Adiputra,27/04/2022,5,-
Mohammad Fauzi Nugraha,27/04/2022,5,-
Afif Saja,27/04/2022,5,-
Ibra Akbar,27/04/2022,5,-
Aldy Aryandhita,27/04/2022,5,-
Alfa Gimon,27/04/2022,5,-
Gembreng Pii,27/04/2022,5,-
frans dwi,27/04/2022,5,-
windriati,27/04/2022,5,-
Jimi Hidayat,27/04/2022,5,-
Andi nduZL,27/04/2022,5,-
catung prasetyo,27/04/2022,5,-
john athan,27/04/2022,5,-
Sri Widawati,27/04/2022,5,-
Astanto Tanto,27/04/2022,5,-
Anung Andang Wiratama,27/04/2022,5,-
dyah ayyu,27/04/2022,5,-
Yuliati Kdr,27/04/2022,5,-
Suratmi 616,27/04/2022,5,-
persada utama konsultan pt,27/04/2022,5,-
Jeffrey Wang,27/04/2022,5,-
Ela firastin,27/04/2022,5,-
Edi Cundoko,27/04/2022,5,-
Wanda Pieris,27/04/2022,5,-
aidin fathur rahman,27/04/2022,5,-
Muhammad Mustaghfirin,27/04/2022,5,-
Indah Permatasari,27/04/2022,5,-
Panca Swasti,27/04/2022,5,-
rizka s,27/04/2022,5,-
iffafi chaira,27/04/2022,5,-
Earfun Jembretino,27/04/2022,5,-
Dyazz Jodys,27/04/2022,5,-
teja mulyawan,27/04/2022,5,-
Habib Emzeth,27/04/2022,5,-
dian astari,27/04/2022,5,-
Listiyono Listiyono,27/04/2022,5,-
Taim Setiono,27/04/2022,5,-
Alin Fitriani,27/04/2022,5,-
Sherly,27/04/2022,2,-
Helios Momo,27/04/2022,5,-
Fajar Yulianto,27/04/2022,5,-
ardi supardi,27/04/2022,5,-
medyarasmi nurman,27/04/2021,5,-
primalita s,27/04/2021,5,-
Bayu Ardana,27/04/2021,5,-
ardy ardyatma,27/04/2020,1,-
Devinta Rhista Purnama,27/04/2020,5,-
syams ahmad krudiwo,27/04/2020,5,-
andy laksana,27/04/2020,4,-
Kiki Zakaria,27/04/2019,5,-
erwan widianto,27/04/2019,5,-
Abi Manyu,27/04/2018,5,-
Makarim Susilo,27/04/2018,1,-
kiki Zakaria,27/04/2018,5,-
Syafiq B,27/04/2018,3,-
Abiad Jaller,27/04/2017,3,-
Lavenia Indanus,27/04/2017,1,-
