Username,Date,Rating,Review
Anggara Sidjabat,2025-03-27,5 bintang,...dtg kesini untuk ngurus coretax milik bapak yg mau bayar PBB tanah warisan dari opung u/ keluarga besar kami di kampung …
Bang Pu'ad,2025-02-27,5 bintang,Pelayanan ramah langsung diberi arahan yg tepat dan dibantu dengan cepat oleh petugas kantor pajak... …
dimas bayu,2025-02-27,1 bintang,"Baru pertama kesini udah langsung punya kesan negatif, pelayanan kurang sopan, kok bisa bisa nya ketus padahal saya ini bayar pajak lo, kasarnya saya dipalak, lain kali kalo rekruitmen pegawai pelayanan publik itu yang bener jangan sembarangan, masyarakat juga ingin koperatif tapi kalau petugas saja ketus gitu ya jadi malesss"
Shanditya Mariana,2024-04-27,5 bintang,"Pelayanan cepat tanggap. Ruangan nyaman untuk menunggu antrian. Pertama kali kesini untuk registrasi EFIN, sekalian mau komplain kartu nowp yang belum dikirim sejak 2023, ternyata langsung dicetakin saat itu juga. Terima kasih banyak ✨"
Lou Ve,2025-04-06,5 bintang,Terima kasih banyak kepada Ibu yang sudah memberikan arahan untuk mengisi SPT saya di hari libur. Sangat fast response menjawab via Whatsapp. Semoga dapat tetap dipertahankan dan bahkan bisa lebih baik lagi! 🙏 …
Yanna So,2025-02-27,1 bintang,SANGATT LAMAAAAAAA DARI JAM 11 smpe jam 3 belum di layanin!! counter cuma 3 antri an smpai 100!!
Dany Triatmo,2024-04-27,4 bintang,"Review jujur untuk staffnya sangat membantu sekali ramah pokok e bintang 5

Buat tukang parkire tulung lah jumatan iku jam 11.30 gak jam 08.00 kan posisi …"
hennie puzz,2025-03-27,5 bintang,Salut buat Kantor Pajak sekarang kerjanya cepat. 10 tahun lalu pernah urus untuk pindah npwp ke sby disuru balik ke kota asal. Sekarang bisa diurus di KPP sesuai KTP kita. …
Azruli Mukhti Azinar,2025-02-27,5 bintang,"Alhamdulillah, trima kasih AR saya mas arta atas bantuannya dalam.pengurusan pendaftaran coretax saya. …"
cosmopolisresort billing,2025-02-27,5 bintang,"Pelayanan sangat ramah, Bertanya mengenai pajak melalui telegram dan By Phone fast response sekali, AR cepat tanggap dan sangat sabar dalam membantu wajib pajak."
Achmad Yasfifu Ady,2024-04-27,5 bintang,"petugas resepsionis ramah dan informatif, petugas pelayanan responsif dan solutif. desain ruangnya nyaman, dingin dan disediakan juga tempat charger. terbaik deh pokoknyaa"
Aprianto,2023-04-27,5 bintang,"Untuk pegawainya ramah dalam melayani, untuk urusan perpanjakan terdapat queue / antrian yang diambilkan recieptionist didepan. Antriannya sendiri tidak terlalu lama dan cepat. Kesini untuk cetak ulang kartu NPWP dan proses < 20 menit. …"
Fridayanti Fridayanti,2024-07-27,5 bintang,Pelayanan ramah dan petugas menjelaskan dengan sabar dan detail. Ruang tunggu juga nyaman sekali. Terima kasih.
Aprilliana Akhsabal,2025-02-27,5 bintang,"Memberi pelayanan yg sangat baik, mba/masnya ramah ramah, lingkungannya bersih"
Putu Widhiartha,2023-04-27,5 bintang,"Pelayanan baik, ruang tunggu nyaman, ada terminal charge hape, parkir motor gratis, ada jalur kursi roda untuk difabel."
Nisita Hafia,2024-09-27,5 bintang,"Pelayanan sangat baik & cepat, layanan informasi di depan juga informatif, jelas, lengkap, sangat membantu. Tempat menunggu nyaman, adem, dan bersih."
Muhamad Sunu Brata,2022-04-27,5 bintang,"Kantor Pelayanan Pajak Prataman Surabaya Gubeng melayani kewajiban perpajakan bagi seluruh wajib pajak baik orang pribadi maupun badan hukum yang berada di wilayah Kecamatan Gubeng, Surabaya. Gedungnya sudah tua tetapi masih sangat terjaga …"
J L O Production by Yudianto,2024-10-27,5 bintang,"Terima kasih kepada Bapak Sulistiono dan Mas Rizky Lutfiansyah yg telah membantu dan memberi penjelasan dengan baik dan sopan masalah laporan SPT pribadi yg salah, sehingga kurang bayar. Meskipun akhirnya ada beberapa koreksi kesalahan memasukkan nominal shg dapat mengurangi beban biaya kurang pajak yg harus dibayarkan"
Giyanti Linda,2019-04-27,3 bintang,"Pelayanannya baik, namun saya masih belum paham konsep antriannya FIFO (first in first out) atau bagaimana. Dan ada beberapa pengunjung datang yg tidak tau dimana nomer antriannya. Jadi nunggu ditanyain sama orang pajaknya. Semoga …"
Muhamad Rois,2023-04-27,5 bintang,"Saya ke KPP Gubeng mau memperbaharui data dan meminta E-Fin. Antrian tidak panjang. Staff pendaftaran sangat ramah dan membantu, begitu juga staff cs kpp yang membantu perubahan data dan proses e-Fin. Untuk permintaan E-Fin saya ditanya …"
Fajrin,2024-04-27,5 bintang,Mantap. Desain ruang pelayanan baru kayaknya. Lebih nyaman dan bagus
Rossy Prabowo Chandra,2023-04-27,1 bintang,"Datang jam 8.20 berharap agar tidak antri, ternyata petugasnya juga tidak ada (yg ada hanya 1 petugas pendaftaran dan 1 petugas layanan help desk, petugas konsultasi tidak ada). Jam 9 lebih baru datang petugas konsultasi. Saya menghabiskan …"
Budi Anggara,2022-04-27,5 bintang,"Pelayanan tepat waktu, petugas juga ramah dan menjelaskan dengan sangat baik.

Halaman parkir cukup luas, juga tersedia parkir khusus wanita dan terdapat jalur bagi para disabilitas, MANTAB..."
betonabadi prima,2024-07-27,5 bintang,"Memberikan solusi yg solutip...obyektif dan reasonable, terima kasih banyak Team KPP Gubeng"
RIZKI ADI SURYADI,2022-04-27,5 bintang,"Pelayanan cepat, kantornya bersih, dan ramah menjelaskan secara detail tentang manfaat pajak... Semoga pelayanan KPP selalu bagus dikantor manapun ..."
Randi Andika Hutama,2022-04-27,5 bintang,"Parkirnya luas dan pelayanan AR juga ramah

kantornya pun bersih sehingga meskipun antri panjang tetep nyaman"
Wisnu Issantoso,2020-04-27,4 bintang,Depannya ada Pom Bensin. Masjid d komplek kantor bersih. Untuk umum. Semoga petugas pajak bekerja amanah
rista ninda,2022-04-27,5 bintang,"Pegawainya sangat sopan dan ramah dalam melayani wajib pajak, tempatnya bersih dan nyaman"
Alya fira Setya,2025-02-27,5 bintang,"Memberikan layanan yang sangat baik,"
Maya Silvina,2019-04-27,5 bintang,"Ruang tunggunya nyaman, parkir motor dan mobil tersedia (parkir mobil lahannya sempit), jadi kalau lagi rame2nya bisa parkir sampe jalan raya.."
Denny Hondo,2024-04-27,1 bintang,"Telegram tidak ada yang jawab. Padahal saya hanya tanya apakah surat keterangan sudah selesai/belum. Saya langsung ke lokasi, katanya diantar JNT, padahal sebelumnya saya disuruh ambil, sampai sekarang ga jelas nasib surat saya."
Diyanno 80,2024-04-27,5 bintang,"Bersih Ramah Cepat, lokasi depan Stasiun Gubeng Surabaya"
Dhoni Dharniawan,2024-09-27,5 bintang,Kalau saya orang Nganjuk untuk ngurus npwp di surabaya  bisa dilayani nggak atas infonya saya ucapkan terimakasih
Bia,2025-03-27,5 bintang,Pelayanan pembuatan EFIN cepat dan baik
Nadya Intan Permatasari,2024-04-27,5 bintang,"Pelayanannya cepat, dan pegawainya sangat ramah. Tempat ruang tunggunya juga sangat nyaman. Sofanya empuk hehehe. The best lah intinya."
Galang Pandya,2024-04-27,5 bintang,"Di bantu sangat ramah dan baik pengajuan npwp online sama mas2 di lobby 👍🏻👍🏻
Jika ada kendala  terima token gagal/ hubungi adminstrasi solusinya adalah login di device lain hp atau laptop …"
Jilly Octarika,2024-04-27,5 bintang,"Pengurusan pajak dengan mba Monica cepat, Ramah dan dibantu sampai selesai padahal kita baru melakukan pengurusan disana...dipertahankan ya mba dan KPP gubeng pelayanan nya, lancar terus"
MyConsulting AccountingTax,2023-04-27,2 bintang,"Untuk parkiran mobil sangat terbatas, kalau penuh jgn mau di arahkan parkir liar di bahu jalan krn mobil bisa2 di derek dishub. Sy harap KPP Gubeng dapat menambah kuota parkir di dalam lebih banyak lagi khususnya untuk roda 4"
Aura Nabila Paramitha,2024-04-27,5 bintang,Alhamdulillah sekarang pelayanann nyaa super duper nyaman dan gak di cuekim gitu aja. saya sebagai mba mba yang lapor pajak nya trouble bisa solved. ibu nya ramahh sekali yang tadi saya antrian c-13 kalo ga salah di teller 5. makasih banyak buu 🫶🏻🫶🏻🫶🏻🫶🏻🫶🏻 …
Suci Suryani,2022-04-27,5 bintang,Alhamdulillah laporan pajak tahunan Selasa 22 Maret 2022 dibantu oleh relawan mahasiswa UA jadi begitu mudah cepat tepat aman. Pelayanannya ramah sopan responsif dan tepat. Bahkan setelah kelat dibawakan souvenir kalender. Semoga …
PUSPA PRIESTA DESIANTI,2022-04-27,1 bintang,"Profesionalitas buruk!
Saya datang utk menindaklanjuti email pelaporan sukarela yg berkaitan juga dengan SPT Tahunan. Udah sampe petugasnya,ternyata sepele banget bung dan utk lapor …"
Leaf is you,2023-04-27,5 bintang,"awalnya ga expect sama sekali sih sama pelayanannya kantor pajak, tapi pas dateng ke sini ternyata lumayan juga yaa kantor pajak emang udah bener2 modern. antriannya jelas, kantornya bersih, resepsionisnya juga ramah. top deeh, semoga selalu dapat ditingkatkan pelayanannya"
Agnes Wahyu,2023-04-27,5 bintang,Pelayanan sangat ramah. Datang dengan bingung tp langsung di berikan arahan ramah dari staff. Terimakasih Bu Nova sudah membantu saya dalam pengisian SPT tahunan. Recommended!
Aslamatu Naviessa Arzaq,2021-04-27,5 bintang,"Kantornya bersih, bangunannya oldskool tapi modern. Dari awal masuk pelayanannya ramah; mulai satpam yang mengarahkan tempat parkir, resepsionis yang mengarahkan tempat layanan dan pegawai-pegawainya yang ramah dalam melayani sesuai …"
maurida anjani,2023-04-27,5 bintang,"Kepada Bp Taim Setiono terimaksih banyak sudah memberikan penjelasan yang detail, jelas, akurat  dan sangat mudah di pahami oleh kami  mengenai "" trouble nya aplikasi efaktur dari  perusahaan kami. Sehingga saat ini aplikasi efaktur kami …"
febby nataza,2022-04-27,4 bintang,Pelayanan untuk loket pengaktifan NPWP terkesan kurang ramah. Ibu saya berusia 61th mengurus pengaktifkan NPWP dan petugasnya ketus sekali. Nada berbicara terkesan ogah-ogahan. …
Santoso Iman,2023-04-27,1 bintang,"Pelayanan sgt buruk, saya urus pajak pribadi disini dibuat salah sampai 6x wkt ada lebih bayar sy minta restitusi,padahal berth2  lebih bayar saya iklaskan bisa langsung betul. Admin laki dilantai 1 di ruangan kaca itu krjnya  tdk becus!!! Mendi"
aunur rofik,2022-04-27,5 bintang,Pelayanan sangat baik. Petugasnya ramah dan baik serta sabar untuk menjelaskan cecaran pertanyaan kita. Hehehe. Dan petugas Resepsionis Mbak dan Masnya baik dan ramah serta komunikatif memberikan informasi terkait masalah perpajakan. Eits 1 …
Bathosai Kenshin,2022-04-27,5 bintang,"Lokasi kantor tepat di pusat kota jadi gampang ditemukan, meskipun lahan parkir agak terbatas dan gedung yg termasuk tua tp pelayanan yg diberikan bisa dikategorikan memuaskan. Mungkin yg perlu dtingkatkan adalah aplikasi pendukung yg handal dan cepat. Makasi 😊 …"
Galih Candra Prasetya,2021-04-27,5 bintang,"Parkir Luas untuk motor dan mobil gratis juga, yg mau buat NPWP tersedia disini, untuk laporan SPT bisa mengurus di lantai 2 belok kanan. Pelayanan ramah, cepat dan gratis. Terbantu dengan proses pelaporan SPT tahunan di tempat ini. Untuk pembuatan NPWP setiap kecamatan beda-beda yah."
Sasiwi Pubianturi Mahisela,2019-04-27,5 bintang,"Antriannya lumayan banyak, tetapi petugas cekatan membantu cara pengisian formulir, membantu mencarikan materai sehingga tidak perlu keluar kantor, penjelasan hak dan kewajiban juga oke, ada leaflet untuk dibawa pulang pula"
Angga Yudha,2022-04-27,5 bintang,"Terimakasih atas pelayanan KPP Pratama Gubeng, dari datang sudah disambut ramah dan diarahkan dengan baik, sehingga proses pelaporan pajak saya berjalan dengan baik sampai selesai. Juga didampingi langsung oleh tim KPP Pratama Gubeng utk proses entry peaporan pajak. Semoga semakin sukses dan sehat selalu tim KPP Pratama Gubeng."
Annisa Rahmalia,2023-04-27,5 bintang,"pelayanan baik, ramah, ruang tunggu yang nyaman, semua pelayanan tidak diungut biaya, fasilitas atm mandiri, ada jalan buat kursi roda, parkir gratis."
edy Fbs,2023-04-27,5 bintang,"Semua pelayanan tidak dipungut biaya, tempatnya nyaman, ada minum gratisan.  Fasilitas ATM Mandiri, ada jalan buat kursi roda dan parkirnya parkir sudah gratis sekarang. 👍👍👍👍 …"
Pri Hinkap,2019-04-27,4 bintang,"Selain untuk urusan perpajakan, kantor ini juga menyediakan masjid yang terletak persis di pinggir jalan untuk melaksanakan sholat Jumat, tidak terbatas pada karyawan atau pegawai saja. Jadi siapapun yang kebetulan melewati tempat ini dan …"
Super Mario Brozz,2022-04-27,5 bintang,"Excellent service. Kantor Pajaknya bersih, sejuk, nunggu petugas ga boring karena ruangannya cozy. Petugas pelayanannya rapi, wangi, kelihatannya jutek, tapi ternyata ramah dan tuntas. Greatttt. Thanks KPP Pratama Surabaya Gubeng for Your Services. ☺☺"
JoJo Si Buldozer,2023-04-27,5 bintang,"Buat mb Dyah ayu yang sudah membantu saya untuk merapikan laporan pajak saya, saya ucapkan Terima kasih. Pelayanan yang super sekali. Ramah dan bener2 sangat membantu."
Martsella Yolanda,2022-04-27,5 bintang,"Pelayanan sangat baik dan saya merasa terbantu.
Datang ke kantor langsung dibantu oleh ibu pegawainya.dibantu sampai selesai mengisi.Dan laporan spt saya kelar. …"
Sugeng Sujarwo,2024-04-27,5 bintang,"Pelayanan sangat ramah dan sangat membantu sekali, terimakasih mas angga yg telah membantu saya untuk setiap info yg saya perlukan."
Alena Lenny,2020-04-27,5 bintang,"1. ANTRIAN TPT
ada 4 jenis antrian dan loket yang berbeda sesuai dengan jenis permohonan anda. silahkan duduk dan menunggu dipanggil oleh petugas sesuai dengan loketnya. bukan …"
Heemeta -,2018-04-27,2 bintang,Tulisan GRATIS PARKIR kok hilang? Dan juga bapak2 yang biasa di meja resepsionis kadang di parkiran motor tolong ramah sedikit lah. Dan Kecewa juga jauh2 dr sda ke gubeng ternyata nomer antrian udah habis padahal baru jam 1an. Apa bulan ramadhan kebijakan seperti itu?
Liem lucy,2023-04-27,1 bintang,"Helpdesk lantai1 nya tdk niat kerja, mending pake anak baru lulus kul yg th lalu  di lantai 3, krjnya jauh lbh profesional,  input data ku salah smpai 6x k gitu kok dipakai krj di ktr pajak ."
Taurus Boys,2022-04-27,1 bintang,"Mf petugas frontdesk (cowo) melayani dengan buruk. Tidak informatif, saat ditanya prosedur pengurusan detail banyak tidak tahu , dijawab sekedarnya, bahasa juga kurang sopan thd orang tua. Tlg perbaiki pelayanannya. Thx"
Maz Doel,2022-04-27,5 bintang,"Pelayanan sudah bagus, semoga masih bisa ditingkatkan lagi sehingga kami sebagai wajib pajak merasa nyaman .. Makasih"
Syavinna Nuraini,2025-02-27,5 bintang,untuk layanan nya baik
priskilla sheinny,2022-04-27,5 bintang,"Pelayanannya ramah dan sangat membantu, semua layanan terkait perpajakan dan parkir juga gratis
Lingkungan kantor juga bersih dan nyaman. Sippp"
Adibah Yunisya,2018-04-27,5 bintang,5 star buat mbak2 dan mas2 yg telaten meladeni antrian panjang pembayar pajak.. sabar memberikan penjelasan dari kebimbangan para penyetor pajak.. tetep sih tapi..untuk menghindari antrian panjang datanglah sebelum tgl 10.. saya dtg tgl 12 aja antrinya uda ga nyante 😭 …
Intan Ningrum,2022-04-27,5 bintang,"Tempatnya nyaman banget dan bersih, ada ATM Mandiri, petugasnya ramah, mulai dari satpam sampai petugas pajak. Gokil sih, bakal betah di kantor pajak kalau gini."
Yayan M,2018-04-27,4 bintang,"Bisa ganti kartu NPWP yang hilang di sini, juga bisa ambil blanko laporan pajak tahunan di kantor ini, lebih praktis dibanding kantor Jagir Wonokromo. …"
denny efendi,2017-04-27,4 bintang,"Pelayanannya baik dan cepat tanpa berbelit-belit. Tempatnya juga bagus, kebersihan terjaga, hanya saja parkirannya sempit. Daftat NPWP cuman butuh KTP asli dan fotokopi KTP 1 lembar. Pelayanan Memuaskan!"
FirdaNvtsr cm,2019-04-27,1 bintang,"Baru dtng help desk gk ada org kta mbk"" jualan kue suruh nungguin katanya bentar. Hm ditungguin hampir 1 jam tp gak dtng"" akhirnya ambil"" sendiri tanyak"" sendiri ke org lain.. berasa diriku disana orang gila tola-tole tapi gakonok uwong …"
Chris Jim,2024-04-27,1 bintang,"Bapak petugas receptionis depan tidak ramah, berbicara dengan nada keras & berbicara dengan tatapan yg tidak menyenangkan"
Agus Purwanto,2022-04-27,5 bintang,"Pelayanan OK, semakin meningkat..semakin cepat...
Sarana prasarana juga semakin baik, jadi tambah nyaman bagi wajib pajak..."
Dirgo Kanwil,2022-04-27,5 bintang,"Petugas nya ramah ramah nggak kaku, malah ada petugasnya  om Doel? yg pandai menjelaskan sambil becanda, Top markotop dah ni kantor....."
Tri Hari Tjahjono,2021-04-27,5 bintang,"Semua sudah online suip pokoke,  jadi sedikit sayang, saya yg sudah terlanjur datang tidak diedukasi sampai selesai,  akibatnya laporan tahunan saya ga jelas nih selesai belumnya, …"
Putri Toelanita,2024-04-27,1 bintang,"Riweuh... 2 kali kesini ga dapat jawaban semua pertanyaan staffnya ga sabaran, malah di minta online saja, giliran online jawabnya tidak sesuai yg di maksud, trs harus gmna???"
Oca Lesmana TV,2021-04-27,3 bintang,"Coba kepada pihak terkait di KPP Pratama Surabaya Gubeng, saya daftar NPWP pribadi via online tidak bisa nik sudah di gunakan, pas saya cek kenapa saya ada terdftar di KPP Pratama Surabaya Gubeng, sedangkan saya di Jakarta."
Hendrik Lesmana,2020-04-27,1 bintang,"KTP tambaksari mau ngurus NPWP di gubeng kok gak bisa,malah dibuang jauh ke kantor njagir wonokromo. Mau ngurus perpajakan saja kok di persulit.
Aneh.... …"
Share to everyone who need,2019-04-27,2 bintang,"Berbelit2, keterangan pegawai satu dengan yg lain berbeda, dipimpong sana sini. Hny utk melapor SPT tahunan yg blm terlapor aja ribet. Hrs mondar-mandir ke sini 5x😈😠😡 …"
alya putrii,2024-04-27,5 bintang,"kpp gubeng sangat nyaman dan pelayanan nya cepat,sofa nya nyaman dan ruangan nya dingin"
Yuli Purwanto,2022-04-27,5 bintang,"Pelayanannya bagus, petugasnya ramah dan profesional. Permohonan diselesaikan dengan cepat dan tentu gratis. Terima kasih KPP Pratama Surabaya Gubeng."
Adi Budiono Sugana Putra,2025-02-27,5 bintang,Respon WA cepat 👍 …
Bintang1 01,2021-04-27,5 bintang,"Ruangan pelayanan bersih, petugas ramah. Pelaporan spt bs online jadi bisa diakses dimana saja tidak perlu datang ke kantor cuma jika tidak bisa mengisi bisa datang dan konsultasi sampe bisa.. Mantappp"
Mat Romli,2022-04-27,5 bintang,Pelayanan yg sangat memuaskan dan mungkin bisa menjadi kpp percontohan terutama untuk kasi pelayanan
Mita Widyastuti,2019-04-27,5 bintang,Pelayanannya sangat baik dan cepat. Bikin NPWP nggak sampe 10 mnt udah jadi. Petugasnya juga ramah dan murah senyum.
Budiono Sukses,2017-04-27,3 bintang,"Pelayanan ramah dan cepat, tapi sayang display nomor antrian sudah rusak sejak beberapa bulan lalu kok belum dibetulkan?"
kancil kutil,2022-04-27,4 bintang,Alhamdulillah pelayanan pajak sekarang udah semakin nyaman dan cepat. Pelayanan loket npwp dan lapor spt bagus ramah.
Riskita Anggraini,2024-04-27,1 bintang,tutup jam 16.00 datang jam 15.45 udaa ga dilayanin anehhh
Sigit Ananda,2023-04-27,5 bintang,"Pelayanan yang sangat baik, ramah, dan tuntas menjawab persoalan wajib pajak."
Tiara Annisa,2022-04-27,5 bintang,"pelayanannya sangat bagus, petugas ramah dan cekatan dalam membantu wp"
Febi A,2023-04-27,5 bintang,pelayanan cepat dan gratis
Kadek Shinta Narayani,2022-04-27,4 bintang,"Asistensi Pelaporan SPTnya membantu banget, jadi gak bingung lagi buat Lapor SPT 😄 Pelayanannya ramah dan super helpful! …"
Rizka Pertiwi,2022-04-27,5 bintang,"Petugas ramah, tempat bersih dan tentunya pelayanannya sangat memuaskan"
titik dwi wahyuni,2022-04-27,5 bintang,"Fasilitas lengkap, Petugas ramah  pokoknya pelayanan memuaskan, letaknya tengah kota"
adib firanto,2022-04-27,5 bintang,Tempatnya cozy petugasnya juga ramah2 dan rapi smoga amanah bekerja
Ateta Tarigan,2022-04-27,5 bintang,"super duper helpfull!! Ramah, baik, membantu dan menjelaskan secara detail. ga berasa ribet lapor pajak. thank you KPP Gubeng!!"
Talitha anindya,2022-04-27,5 bintang,"Bagus banget, petugasnya baik dan ramah, gabakal nyesel datang  kesini👍 …"
AM CLO,2021-04-27,1 bintang,"Nomer telponnya cuma buat hiasan di google. Tidak akan pernah diangkat/direspon.
Selalu seperti ini di SEMUA layanan pemerintah untuk masyarakat."
octovianto djatipramono,2022-04-27,5 bintang,"Layanan sudah cukup bagus dan memuaskan, mohon selalu ditingkatkan"
Sukardi Viola,2022-04-27,5 bintang,"Kantornya bagus, bersih, dan nyaman, pelayanan ramah dan bersahabat. Keren.."
Husna Nana,2022-04-27,5 bintang,"Terima kasih, akhirnyaa bisa juga ni lapor pajak, hehehee
Mantaaaap pooollll layanannya 👍🏻👍🏻👍🏻👍🏻👍🏻 …"
008_Rara Anggraini,2022-04-27,5 bintang,"Tempatnya nyaman, pelayanannya ramah, dan sangat membantu, terima kasih."
Sutarno,2021-04-27,5 bintang,"Ruang TPT sekarang semakin rapi dan bagus, pegawai di bagian pelayanan juga ramah dan murah senyum.. :-)"
reza fahlevi,2022-04-27,5 bintang,"Waktu lapor SPT dibantu dengan sangat ramah dan baik, parkir gratis dan cukup luas 👍🏼 …"
Risaa Fadillah (Ichaa),2024-09-27,4 bintang,Ada biaya pembayarannya ga?
Usagi Toram,2023-04-27,1 bintang,Cuma mau tanya cara pengisian spt tahunan di tolak. Jam 09.58. kamis tgl 9.03.2023
marta susana,2023-04-27,5 bintang,"Sangat membantu, bpk petugasnya juga sangat baik, sabar ...pokoknya sangat membantu.
Makasih kkp pratama gubeng."
gregorius bela,2022-04-27,5 bintang,"Pelayanan ramah, sopan, dan responsif. Semoga selalu dipertahankan."
Herry Purniawan,2022-04-27,5 bintang,"muantap, petugasnya ruamah-ruamah.. gak bakal nyesel dateng ke sini, yang ada malah ketagihan!"
leny tan,2022-04-27,5 bintang,Bpk Artha ramah dan baik juga sabar dlm melayani... makasih 🙏 …
tarnat abinya fatih,2022-04-27,5 bintang,Pegawainya ramah saat melayani waktu pengisian SPT Tahunan..
cintya ardananti,2022-04-27,5 bintang,"Pelayanannya baik, ramah. Saya sangat terbantu"
RESTO WA,2018-04-27,5 bintang,"Kalo datang pagi, antrian masih sedikit dan petugas masih fresh jadi pelayanan lebih cepat."
Sulis Tya,2022-04-27,5 bintang,Petugasnya ramah dan pelayanan yang diberikan tidak dipungut biaya. Thx
Moch Jamil,2020-04-27,5 bintang,Saya sudah daftar melalui online tapi blom ada kejelasan sudah jadi apa tidak. Serta tidak smpai dirumah. Minta tlg kepastiannya gmn ya
Lia Alvionita,2024-04-27,2 bintang,"boleh ga si tanya ke kpp gubeng, walaupun engga terdaftr di kpp gubeng"
Muhammad Al Fatih,2021-04-27,5 bintang,"Ruang tunggunya enak, ada ruang baca dan ada beberapa buku komik.."
devi avianty,2022-04-27,5 bintang,"Pelayanannya bagus, tempatnya nyaman, dan pegawainya ramah."
Teddy Butik,2022-04-27,5 bintang,Pak Artha sabar dan ramah dlm melayani saya. Makasih pak 🙏 …
Tegar Okta,2024-04-27,5 bintang,pelayanan sangat ramah dan sangat membantu.
Ricky Narendra Railfans,2020-04-27,1 bintang,Apa besok hari senin tgl.27 April 2020 sudah bisa melayani (buka).?
Bli Pushan,2022-04-27,5 bintang,"Kantornya bersih, pelayanan ramah, terimakasih kak"
Imam Syafi'i,2021-04-27,5 bintang,"Pelayanan baik,tempat memuaskan...
Cepat banget"
anton Yunianto,2022-04-27,5 bintang,"Kantornya oke, Pelayanannya terbaik...mantab👍👍👍 …"
putra swabuana,2019-04-27,1 bintang,"Mau jadi wajib pajak aja ruwet, sampai 5x bolak balik ke kantor pajak tidak selesai2."
Rosi Hoven,2024-04-27,5 bintang,Jumatan
Sosro C Dahana,2022-04-27,5 bintang,"Rapi, nyaman, bersih. Pelayanannya ramah."
windayoe,2022-04-27,5 bintang,Sukses buat KPP Surabaya Gubeng... Semakin keren layanannya 👍🏻 …
Tobagus Manshor,2022-04-27,5 bintang,Tetap semangat untuk memberikan pelayanan terbaik 👍 …
Esther Andriani,2022-04-27,5 bintang,"Kantor tampak klasik, Pelayanan profesional dan ada atm mandiri👍 …"
Prabu Arghani Jagratara,2022-04-27,5 bintang,Semoga KPP Pratama Surabaya Gubeng semakin jaya dengan layanan yang semakin mempesona👍🏻 …
Nauly Pardede,2024-04-27,5 bintang,"Ramah, aman, cepat"
alfita rakhma,2021-04-27,5 bintang,"Tempatnya nyaman, pelayanan ramah.. siiiippp nan 👍👍👍👍👍 …"
rommy satriya,2023-04-27,5 bintang,"Tempatnya bersih, bagus dan orangnya ramah2"
hadi wiyono,2022-04-27,5 bintang,Pelayanan sangat memuaskan ..dan ramah ...
Avin Nadhir,2019-04-27,4 bintang,Ada masjidnya
Plandemic Copid,2022-04-27,5 bintang,"Layanan cepat & tanpa dipungut biaya apapun, GRATIIISSSS"
paul liant,2022-04-27,5 bintang,Pelayanan OK.. Tanpa kolusi tanpa basa basi
Nancy W,2023-04-27,5 bintang,Pelayanan ok.. Terimakasih banyak🙏 …
Ani Rochmawati,2021-04-27,5 bintang,Kantornya nyaman.. Petugas2nya ramah2 🥰🥰 …
Nuruddin Arraniriy,2022-04-27,5 bintang,Tempatnya nyaman pegawainya sangat ramah
Yudhy Guztaman,2022-04-27,5 bintang,Mantap dan terus ditingkatkan pelayanannya
Pak Breng,2022-04-27,5 bintang,Pelayanan baik dan ramah.dan fast respon.
idonk knodi,2022-04-27,5 bintang,Petugas ramah dan sangat membantu👍 …
Maria Karolina K.P,2022-04-27,5 bintang,Pelayanannya sangat bagus👍🏽 …
Jarot Wahyu Wicaksono,2021-04-27,5 bintang,mantap. apalagi petugas tptnya😊 …
priyo santuso,2022-04-27,5 bintang,Pelayanan yg cepat dan rama.
Mr. Tato tato,2022-04-27,5 bintang,Petugasnya ramah2
E R,2023-04-27,5 bintang,Pelayanannya sangat baik
hsamuel c,2019-04-27,1 bintang,Kantor pajak kok tidak ada fotocopy nya
Naura Anindina,2022-04-27,5 bintang,"Tempat strategis, pelayanan OK"
Herman Herm,2023-04-27,5 bintang,Pelayanan okey.. sangat terbantu
Rezky Irfan,2018-04-27,1 bintang,"no telp, di telp gk ada yg angkat... sibuk terus"
24. Riska Wulandari,2022-04-27,5 bintang,Pelayanan ramah dan fasilitas nyaman
Sumadi Mulyono,2022-04-27,5 bintang,Pelayanan bagus sekali ramah
Fahmi Prasetyo,2022-04-27,5 bintang,Mantul mantap betul
fnm,2023-04-27,5 bintang,pegawainya ramah ramah
ruskawandi ruskawandi,2022-04-27,5 bintang,Gedungnya bagus
edi suparwanto,2022-04-27,5 bintang,Melayani dengan santun dan sabar
IGN Oka Wibawa,2022-04-27,5 bintang,Seneng klo lama2 disini😅😅😅👍👍👍 …
Narnik Susilowati,2022-04-27,5 bintang,Pelayan onlinenya okee
Chelsea Nastusha,2021-04-27,5 bintang,Pelayanannya baik😁 …
Sigit Pudiarto,2022-04-27,5 bintang,Siap Mantab
darwanto soedarsono,2022-04-27,5 bintang,Pelayanan bagus
Devi Avianty,2022-04-27,5 bintang,Lingkungan bersih.
Harijo Julianto,2022-04-27,5 bintang,Sangat terbantu
Nanda Regita,2022-04-27,5 bintang,👍👍👍👍👍 …
Winda Najwa,2022-04-27,5 bintang,Pelayanan bagus
TRI ADI WIDIATMOKO GUBENG,2016-04-27,5 bintang,Kantor keren
Bambang Harjuno Pandu Siwi Permadi,2022-04-27,5 bintang,"Pepak massehh..ada sensor suhu badannya. Resepsionisnya ruamaah.. Tersedia juga layanan bantuan lapor SPT, ruang konseling dan ruang layanan sip utama.."
Muhammad Yusuf,2023-04-27,5 bintang,"Kantornya bagus, stafnya baik dan ramah. Saat kami berkunjung, antriannya tidak banyak. Sayang sekali kami masih kekurangan salah satu dokumen yang diperlukan, sehingga kami harus kembali lagi lain kali. Tempat parkirnya agak terbatas (untuk mobil)."
Ragil Alex,2020-04-27,5 bintang,Kantornya tua tapi klasik. Ini memiliki layanan yang luar biasa. Kantornya sendiri cukup lengkap terdapat ATM Bank Mandiri di dalam kantor ini sehingga Anda dapat menarik uang atau mentransfer menggunakan mesin ini.
jonas sls,2022-04-27,5 bintang,"Saya mengucapkan banyak terima kasih atas pelayanan yang luar biasa dari KPP Gubeng, khususnya kepada Pak Kukuh yang dengan sabar membimbing e-Filling saya."
Aji Gembul,2022-04-27,5 bintang,"Pelayanan profesional, stafnya ramah bintang 5.. Yang paling atas paling bagus."
Sahri Bandono,2024-04-27,5 bintang,Pelayanan bagus 👍🏼 …
syamsul ghofur,2022-04-27,5 bintang,"Pelayanan jos gandos mas gan,querend👍 …"
agus suryono anggoro,2022-04-27,5 bintang,"Karyawan yang membantu dan profesional, tetap seperti itu kawan"
Reinaldo Sinaga,2022-04-27,5 bintang,"Kantor yang bagus, dan pelayanan publik yang sangat baik"
Cak AHen,2018-04-27,5 bintang,Kantor yang bagus. Perlu lebih banyak tempat parkir.
Fazlur Rahman,2024-04-27,5 bintang,"Pelayanan bagus, cepat"
Moch Nurdin surabaya,2021-04-27,5 bintang,Tempat terbaik untuk bantuan dalam pengisian pajak
Ali Murtono,2024-04-27,5 bintang,Sip mantsp
Fitra ridhawati,2022-04-27,5 bintang,keren.. tidak apa-apa
I gusti ngurah Ramayudha,2021-04-27,5 bintang,Terima kasih ya. Kerja bagus🙏🙏🙏 …
Hamid Solemansudjono,2022-04-27,5 bintang,"Luar biasa, kinerja bagus"
Tuah Darmawan,2022-04-27,5 bintang,Kerja bagus
Ibnu Samin,2022-04-27,5 bintang,Kantore dan Wakid
YuYu,2022-04-27,5 bintang,Bagus.. 😊 …
winarno budi,2022-04-27,5 bintang,Iyaaaa
mohammad solqan,2022-04-27,5 bintang,Pelayanan yang sangat baik
havidz ibrahim,2022-04-27,5 bintang,Bagus
I Gusti Agung Yuliari,2022-04-27,5 bintang,Kantor yang bagus
moch sonyviel ramdhan,2022-04-27,5 bintang,Pelayanan yang baik
Alfan Fitra,2018-04-27,5 bintang,Oke
Dinda Mayyanti,2019-04-27,5 bintang,Sipp
Darwis Ndayak,2022-04-27,5 bintang,T.O.P berada di ambang kehancuran.
Benni S,2022-04-27,5 bintang,Bagus
LUTHFIE AM,2022-04-27,5 bintang,Kantor yang bagus
setiawan tri yuniarto,2022-04-27,5 bintang,Bagus
Asis Gegek,2025-03-27,5 bintang,-
30_ Rizka Nabila Putri,2025-03-27,5 bintang,-
19. Marchel Sea Putra Dias,2025-03-27,5 bintang,-
Nofian Ismail,2025-02-27,5 bintang,-
Friska Wiji Ayu Lestari,2025-02-27,5 bintang,-
Yulia Sulistyowati,2025-02-27,5 bintang,-
Rudi S,2024-12-27,5 bintang,-
Kiki Zkr,2024-04-27,5 bintang,"Selamat Pagi, terima kasih untuk ulasan baiknya :) Semoga kami dapat selalu meningkatkan pelayanan kami ke depannya. Serta dukung kami selalu untuk mendapatkan predikat Zona Integritas Menuju Wilayah Birokrasi Bersih dan Melayani di Tahun 2024, Terima kasih :)"
Edward Pangidoan,2024-04-27,5 bintang,-
Herbert Wongsosaputro,2024-04-27,5 bintang,-
Viska Wulandari,2024-04-27,5 bintang,-
Taim Setiono,2024-04-27,5 bintang,-
Aaghnia Fawza,2024-04-27,5 bintang,-
Ahmadrauhul arifin,2023-04-27,1 bintang,-
Rachel Meilie,2023-04-27,1 bintang,-
Clarisa Eka Aninda,2023-04-27,5 bintang,-
eryk budi,2023-04-27,5 bintang,-
Widya saridewi,2023-04-27,5 bintang,-
Rizki Putri,2023-04-27,5 bintang,-
Intan Firdaus,2023-04-27,5 bintang,-
Ari Januar Rahmat,2023-04-27,5 bintang,"Selamat Siang, terima kasih untuk ulasan baiknya :) Semoga kami dapat selalu meningkatkan pelayanan kami ke depannya."
Anton Ifafas,2023-04-27,5 bintang,-
Nikolas Andrew,2023-04-27,2 bintang,-
Amelia Budiarti,2023-04-27,3 bintang,-
Putri Nur Amalia,2023-04-27,5 bintang,-
Ferry Widjaja,2023-04-27,5 bintang,"Selamat Pagi, terima kasih untuk ulasan baiknya :) Semoga kami dapat selalu meningkatkan pelayanan kami ke depannya. Serta dukung kami selalu untuk mendapatkan predikat Zona Integritas Menuju Wilayah Birokrasi Bersih dan Melayani di Tahun 2022, Terima kasih :)"
Dik Pras,2023-04-27,5 bintang,"Selamat Pagi, terima kasih untuk ulasan baiknya :) Semoga kami dapat selalu meningkatkan pelayanan kami ke depannya. Serta dukung kami selalu untuk mendapatkan predikat Zona Integritas Menuju Wilayah Birokrasi Bersih dan Melayani di Tahun 2022, Terima kasih :)"
Istighosah Annisa,2022-04-27,5 bintang,-
Bunga Puspa,2022-04-27,4 bintang,-
Rayhan Firdaus,2022-04-27,5 bintang,-
Indah Indriana,2022-04-27,5 bintang,-
Akbar Cahyadiyntha Gimon (VLCTY),2022-04-27,5 bintang,-
Andika Arhata,2022-04-27,5 bintang,-
Yulia Eka,2022-04-27,5 bintang,-
Selma indah,2022-04-27,5 bintang,-
Suyanto Wira,2022-04-27,5 bintang,-
Dedy Pramana,2022-04-27,5 bintang,-
Budhi Purwanto Efendy,2022-04-27,5 bintang,-
Wahyudiati Purnomo,2022-04-27,5 bintang,-
UTARI PUSPA SALEH,2022-04-27,5 bintang,-
syavira amalya,2022-04-27,5 bintang,-
Arsad Hasan,2022-04-27,5 bintang,-
Fitri Handayani,2022-04-27,5 bintang,-
enypuji rahayu,2022-04-27,5 bintang,-
Novie Fadhil,2022-04-27,5 bintang,-
wisnu wardana,2022-04-27,5 bintang,-
Alvi Kurniafi,2022-04-27,4 bintang,-
Hariyanto Anto,2022-04-27,5 bintang,-
Dyah Fatmawati,2022-04-27,5 bintang,-
Sutriyono Tri,2022-04-27,5 bintang,-
Budi Well,2022-04-27,5 bintang,-
Rahmat Hariyanto,2022-04-27,5 bintang,-
Samsol Heji,2022-04-27,5 bintang,-
Hasan Basri,2022-04-27,5 bintang,-
Achmad Rhobih Sukmana,2022-04-27,5 bintang,-
Husni Adiputra,2022-04-27,5 bintang,-
Mohammad Fauzi Nugraha,2022-04-27,5 bintang,-
Afif Saja,2022-04-27,5 bintang,-
Ibra Akbar,2022-04-27,5 bintang,-
Aldy Aryandhita,2022-04-27,5 bintang,-
Alfa Gimon,2022-04-27,5 bintang,-
Gembreng Pii,2022-04-27,5 bintang,-
frans dwi,2022-04-27,5 bintang,-
windriati,2022-04-27,5 bintang,-
Jimi Hidayat,2022-04-27,5 bintang,-
Andi nduZL,2022-04-27,5 bintang,-
catung prasetyo,2022-04-27,5 bintang,-
john athan,2022-04-27,5 bintang,-
Sri Widawati,2022-04-27,5 bintang,-
Astanto Tanto,2022-04-27,5 bintang,-
Anung Andang Wiratama,2022-04-27,5 bintang,-
dyah ayyu,2022-04-27,5 bintang,-
Yuliati Kdr,2022-04-27,5 bintang,-
Suratmi 616,2022-04-27,5 bintang,-
persada utama konsultan pt,2022-04-27,5 bintang,-
Jeffrey Wang,2022-04-27,5 bintang,-
Ela firastin,2022-04-27,5 bintang,-
Edi Cundoko,2022-04-27,5 bintang,-
Wanda Pieris,2022-04-27,5 bintang,-
aidin fathur rahman,2022-04-27,5 bintang,-
Muhammad Mustaghfirin,2022-04-27,5 bintang,-
Indah Permatasari,2022-04-27,5 bintang,-
Panca Swasti,2022-04-27,5 bintang,-
rizka s,2022-04-27,5 bintang,-
iffafi chaira,2022-04-27,5 bintang,-
Earfun Jembretino,2022-04-27,5 bintang,-
Dyazz Jodys,2022-04-27,5 bintang,-
teja mulyawan,2022-04-27,5 bintang,-
Habib Emzeth,2022-04-27,5 bintang,-
dian astari,2022-04-27,5 bintang,-
Listiyono Listiyono,2022-04-27,5 bintang,-
Taim Setiono,2022-04-27,5 bintang,-
Alin Fitriani,2022-04-27,5 bintang,-
Sherly,2022-04-27,2 bintang,-
Helios Momo,2022-04-27,5 bintang,-
Fajar Yulianto,2022-04-27,5 bintang,-
ardi supardi,2022-04-27,5 bintang,-
medyarasmi nurman,2021-04-27,5 bintang,-
primalita s,2021-04-27,5 bintang,-
Bayu Ardana,2021-04-27,5 bintang,-
ardy ardyatma,2020-04-27,1 bintang,-
Devinta Rhista Purnama,2020-04-27,5 bintang,-
syams ahmad krudiwo,2020-04-27,5 bintang,-
andy laksana,2020-04-27,4 bintang,-
Kiki Zakaria,2019-04-27,5 bintang,-
erwan widianto,2019-04-27,5 bintang,-
Abi Manyu,2018-04-27,5 bintang,-
Makarim Susilo,2018-04-27,1 bintang,-
kiki Zakaria,2018-04-27,5 bintang,-
Syafiq B,2018-04-27,3 bintang,-
Abiad Jaller,2017-04-27,3 bintang,-
Lavenia Indanus,2017-04-27,1 bintang,-
